Workbook

Sheet DATABASE
A1: SID | B1: ALAMAT2 | C1: KATEGORI LOKASI | D1: IP | E1: TANGGAL AKTIVASI | F1: MIKROTIK/NON MIKROTIK | G1: KET | H1: KET
A2: 2048973283 | B2: Bank Jatim u/ Host To Host Metro Universitas Sebelas Maret Surakarta (UNS) menuju Data Center Bank Jatim, JL IR SUTAMI JEBRES KEC JEBRES SURAKARTA, SURAKARTA,00 | C2: H2H METRO | D2: - | E2: 45361
A3: 2048972881 | B3: Bank Jatim u/ Host To Host Metro Universitas Sebelas Maret Surakarta (UNS) menuju Data Center Bank Jatim, KAPTEN SUBIJANTO, TANGERANG,RAK NO 6,LT 3,GED GRAHA TLKM SIGMA | C3: H2H METRO | D3: - | E3: 45361
A4: 1711167464 | B4: Bank Jatim u/ Host To Host Metro Teluk Lamong Jl. Osowilangun KM 12, Surabaya | C4: H2H METRO | D4: - | E4: 20/06/2022
A5: 1711162474 | B5: Bank Jatim u/ Host To Host Metro Teluk Lamong, Data Center Bank Jatim, Gedung Graha Telkom Sigma Lt. 3 Wing Timur, BSD Tangerang | C5: H2H METRO | D5: - | E5: 20/06/2022
A6: 1261472344 | B6: Bank Jatim u/ Host To Host Metro Bpjs T.Kerja JL. Medan Merdeka Barat 13-14, Jakarta Pusat | C6: H2H METRO | D6: - | E6: 26/03/2021
A7: 1261472394 | B7: Bank Jatim u/ Host To Host Metro BPJS Graha Sigma Lt.6, Tangerang | C7: H2H METRO | D7: - | E7: 26/03/2021
A8: 790038103 | B8: Bank Jatim u/ Host To Host Metro P2P DC-MKM; Data Center Jl. Gedung German Center Lt. 3, BSD Tangerang ke DCI Bekasi (H2H MKM DCI Tangerang) | C8: H2H METRO | D8: - | E8: 43497
A9: 790226991 | B9: Bank Jatim u/ Host To Host Metro P2P MKM-DC; DCI Bekasi, Jl. Halmahera Blok F1 No.1, Danau Indah, Cikarang Bar, Bekasi ke (H2H MKM DCI Tangerang) | C9: H2H METRO | D9: - | E9: 43497
A10: 4700020-0031135108 | B10: Bank Jatim u/ Host To Host Metro DC- Asabri; Sigma Citraland Jl.Bukit Bali B3 2 Lakarsantri Surabaya | C10: H2H METRO | D10: - | E10: 31/10/2017
A11: 4700020-0031134693 | B11: Bank Jatim u/ Host To Host Metro Asabri -DC; Jl.Mayjen Sutoyo 11 JakTim | C11: H2H METRO | D11: - | E11: 26/10/2017
A12: 4700020-0030871897 | B12: Bank Jatim u/ Host To Host Metro DC -DJP; DC Sigma Citraland SBY ke Jl. Gatot Subroto Kav. 40-42 JKT (E-Filling) | C12: H2H METRO | D12: - | E12: 18/04/2017
A13: 4700020-0029669221 | B13: Bank Jatim u/ Host To Host Metro DJP-DC; Jl. Gatot Subroto Kav. 40-42 JKT ke DC Sigma Citraland SBY (E-Filling) | C13: H2H METRO | D13: - | E13: 26/01/2016
A14: 2095151855/2095149600 | B14: Bank Jatim Neucentrix Gubeng, Jl.Sumatera No.131 Lt 3 Kec Gubeng , Surabaya | C14: COLOCATION | D14: 36.64.131.241/29 | E14: 46003 | G14: 4700020-0003122034/2095151855/2095149600
A15: 4700020-0031816657 | B15: ATM UNMUH Jl.Ry Tlogomas 246 Malang (PRORATA CABUT) | C15: ATM | D15: 196.168.117.201/29 | E15: 43717
A16: 941041295 | B16: Payment Point Sistem Administrasi Manunggal Satu Atap Pasuruan Jl.SultanAgung 80,Purutrejo,Purworejo (PRORATA CABUT) | C16: PAYMENT POINT | D16: 196.168.117.201/29 | E16: 44963
A17: 1707535922 | B17: Bank Jatim u/ Aplikasi JKD BANK INDONESIA JL. Kapten Subijanto LT. 5, German Center BSD Tangerang Selatan | C17: JKD BI | D17: - | E17: 43717
A18: /1792983850 | B18: Kantor Fungsional RSUD Nganjuk, Jl.Sutomo 62 | C18: KANTOR FUNGSIONAL | D18: 196.168.100.49/28 | E18: 43717 | G18: 4700020-42970/1792983850
A19: 4700020-0020560544 | B19: PBB Dispenda Sampang Jl Rajawali, Sampang | C19: PBB | D19: 192.168.151.130/30 | E19: 42278
A20: 1165671440 | B20: Kantor Kas KPP Utara Gresik, Jl. Wahidin Sudirohusodo 700 Gresik | C20: KANTOR KAS | D20: 196.168.100.113/28 | E20: 28/01/2020 | G20: DO JULI 2025
A21: 4700020-0004568476 | B21: ATM RS. Pura Raharja, Jl. Pucang Adi 12-14, Surabaya | C21: ATM | D21: 196.168.201.1/29 | E21: -
A22: 835049177 | B22: Host To Host Dinas Kependidikan Surabaya JL Jagir Wonokromo 356, Sidosermo | C22: H2H | D22: 192.168.150.70/30 | E22: -
A23: 2018687049 | B23: PP Pasar Kolpajung, JL Ronggo Sukowati, Kolpajung Kec Pamekasan, Kab Pamekasan, Pamekasan | C23: PAYMENT POINT | D23: 172.26.0.193/29 | E23: -
A24: 4700020-0031310385 | B24: Host To Host SP2D JL.Sunan Kalijogo 02 Trenggalek | C24: H2H | D24: 192.168.150.30/30 | E24: -
A25: 4700020-0029555999 | B25: Cabang Batam , Jl. A. Yani Komplek Ruko Centre Park Blok A No 1 Kel. Taman Baloi Kec. Batam Kota Batam | C25: CABANG | D25: 192.168.157.202/30 | E25: - | G25: SID BARU 2076423329
A26: 4700020-38090 | B26: Bank Jatim Internet Kantor Pusat; Jl.Basuki Rahmat No. 98-104, Surabaya ( Astinet ) | C26: INTERNET KANTOR PUSAT | D26: 10.10.30.1 /30 (222.124.169.177 /29) | E26: 26/07/2017
A27: 4700020-92381 | B27: Bank Jatim u/ Host To Host Finnet ; Jl Kapt.Subijanto Graha Telkom Sigma Lt. 3 BSD Lekong - Serpong | C27: H2H | D27: 10.2.254.73 /30 | E27: 42014
A28: 4700020-0029217410 | B28: Bank Jatim u/ Host To Host Artajasa Sigma; Jl. Bukit Bali B3 Lakarsantri Surabaya Lt.3 | C28: SPP ONLINE | D28: 10.240.0.2 /30 | E28: 42677
A29: 4700020-0029298844 | B29: Bank Jatim u/ Host To Host KTP-el Ditjen Dukcapil; DC Sigma Tangerang Lt.3 Wing timur, BSD Tangerang | C29: H2H | D29: 10.240.0.6 /30 | E29: 13/04/2016
A30: 4700020-07470 | B30: Samsat Online Papar, Jl Raya Papar, Kediri | C30: SAMSAT ONLINE | D30: 172.16.152.1 /24 | E30: 42010
A31: 4700020-0004789517 | B31: Payment Point Alun-alun Kt u/ DIPENDA Jl. Merdeka Barat | C31: PAYMENT POINT | D31: 172.16.161.33 /29 | E31: 42342
A32: 2027864991 | B32: ATM Jenu Tuban,Jl.Raya Jenu,Ds.Beji,Kec.Jenu,Tuban | C32: ATM | D32: 172.16.2.57 /30 | E32: 21/01/2024
A33: 1-IPP6AAY/1703056946 | B33: Bank Jatim u/ Bandwith Pelaporan Aplikasi BI-RTGS/SSSS/ETP, Bank Indonesia - RTGS; Telkom Sigma Lakarsantri IVC Surabaya | C33: Aplikasi BI-RTGS/SSSS/ETP BI | D33: 172.16.205.109/30 | E33: 13/01/2022 | G33: Kesepakatan REKON APR 2026 AM Safir dan Pak Rai SID ini BW TETAP di tulis 2Mbps diinvois HARGA PKS Baru , WALO PE 4Mbps
A34: 4700020-0031230943 | B34: Bank Jatim u/ Internet DRC Bank Jatim; JL.Citraland Surabaya ( Astinet ) | C34: INTERNET KANTOR PUSAT | D34: 172.17.171.38 /30 (36.89.37.209 /28) | E34: 29/12/2017
A35: 4700020-82572 | B35: Bank Jatim Backhaul VPN IP DC; Graha Telkom Sigma Lt 3 BSD Tangerang | C35: DC | D35: 172.17.20.2 /30 | E35: 42011
A36: 4700020-65917 | B36: Cabang Lamongan, Pangsud No.74 | C36: CABANG | D36: 172.17.45.169 /30 | E36: 24/12/2024
A37: 2076561882 | B37: Samsat Online Capem Babat, Raya Babat 211 Lamongan | C37: SAMSAT ONLINE | D37: 172.17.45.169 /30 | E37: 24/12/2024
A38: 4700020-68390 | B38: Bank Jatim Backhaul VPN IP DRC; Bukit Bali B3-2 Lakarsantri Surabaya | C38: DRC | D38: 172.17.52.2 /30 | E38: 24/06/2015
A39: 4700020-0021607811 | B39: Samsat Online Capem Cerme, Jl. Tegal Suruh No.3 Cerme Gresik | C39: SAMSAT ONLINE | D39: 172.20.21.1 /26 | E39: 42009
A40: 4700020-06005 | B40: Samsat Online Capem Sidayu, Jl. Pemuda 10, Sidayu | C40: SAMSAT ONLINE | D40: 172.20.21.33 /26 | E40: 42010
A41: 4700020-0021133123 | B41: Samsat Online KK Ngoro, Jl Raya Kawi 62A Ngoro | C41: SAMSAT ONLINE | D41: 172.20.25.1 /29 | E41: 42221
A42: 4700020-91478 | B42: Samsat Online Capem Brondong, Raya Daendels Brondong | C42: SAMSAT ONLINE | D42: 172.20.32.65 /26 | E42: 42010
A43: 4700020-0002711381 | B43: Host To Host PBB Online KK Pemkab Tuban, Jl. Kartini No. 2 | C43: H2H | D43: 172.20.33.65 /26 | E43: 42278 | F43: NON MIKROTIK | G43: 4700020-11381 | H43: 2319819
A44: 4700020-0002900236 | B44: Samsat Online Capem Kerek, Jl. Ry. Jarorejo 1 | C44: SAMSAT ONLINE | D44: 172.20.33.65 /26 | E44: 42278
A45: 4700020-65262 | B45: Samsat Online, KK Jogorogo utk Dipenda Jl Jogorogo 33, Ngawi | C45: SAMSAT ONLINE | D45: 172.20.43.1 /26 | E45: 17/06/2015
A46: 4700020-49177 | B46: Samsat Online Raya Madiun 86, Gorang Gareng | C46: SAMSAT ONLINE | D46: 172.20.44.1 /24 | E46: 43656
A47: 4700020-34613 | B47: Samsat Online Capem Sumoroto, Raya Sumoroto 5 | C47: SAMSAT ONLINE | D47: 172.20.45.1 /26 | E47: 16/04/2015
A48: 4700020-09551 | B48: Samsat Online Capem Punung, Raya Solo - Pacitan | C48: SAMSAT ONLINE | D48: 172.20.46.33 /26 | E48: 24/11/2015
A49: 4700020-04527 | B49: Samsat Online Capem Ngadirojo, Raya Lorok - Pacitan (depan pasar Loro) | C49: SAMSAT ONLINE | D49: 172.20.46.33 /26 | E49: 24/11/2015
A50: 4700020-07613 | B50: Samsat Online Capem Ngadiluwih, Raya Tamtama 190, Ngadiluwih | C50: SAMSAT ONLINE | D50: 172.20.52.1 /26 | E50: 42010
A51: 4700020-0022329949 | B51: Samsat Online Capem LAWANG Jl. M.H Thamrin No. 33, Lawang, Malang | C51: SAMSAT ONLINE | D51: 172.20.62.1 /27 | E51: 42010
A52: 4700020-0022055083 | B52: Samsat Online Capem Sumber Pucung, Jl. Panglima Sudirman 191, Kepanjen | C52: SAMSAT ONLINE | D52: 172.20.63.1 /27 | E52: 21/10/2015
A53: 4700020-31779 | B53: Samsat Online, Jl Raya Leces 141, Probolinggo | C53: SAMSAT ONLINE | D53: 172.20.65.1 /27 | E53: 20/01/2015
A54: 4700020-0020939027 | B54: Samsat Online Capem Tongas, Jl Raya Tongas Rest Area, Probolinggo | C54: SAMSAT ONLINE | D54: 172.20.65.33 /27 | E54: 42010
A55: 4700020-89462 | B55: Samsat Online Capem Yosowilangun, Jl. Soekartijo, Yosowilangun | C55: SAMSAT ONLINE | D55: 172.20.66.1 /27 | E55: 28/09/2015
A56: 4700020-0001526239 | B56: Kantor Kas Sistem Administrasi Manunggal Satu Atap Dipenda Puger, Jl. M. Adi Darmo Puger | C56: KANTOR KAS | D56: 172.20.71.33 /27 | E56: 42010
A57: 4700020-0021019573 | B57: Samsat Online Capem Wonosari, Jl. Raya Wonosari 231, Kec. Wonosari, Bondowoso | C57: SAMSAT ONLINE | D57: 172.20.73.1 /29 | E57: 42010
A58: 4700020-0029555328 | B58: Cabang Situbondo, Jl. Basuki Rahmad No 135 Kel Mimbaan Kec Panji, Situbondo | C58: CABANG | D58: 172.20.74.1 /24 | E58: 17/06/2015
A59: 4700020-21300 | B59: Samsat Online Capem Asembagus, Jl. Raya Asembagus | C59: SAMSAT ONLINE | D59: 172.20.74.33 /27 | E59: 24/02/2015
A60: 4700020-0021352469 | B60: Samsat Online Capem Pesanggaran, Jl Sukarjo Pesanggaran 51 BWI | C60: SAMSAT ONLINE | D60: 172.20.76.1 /27 | E60: 42009
A61: 4700020-0025323102 | B61: Samsat Online Genteng Banyuwangi Jl. Diponegoro 33 Banyuwangi | C61: SAMSAT ONLINE | D61: 172.20.76.33 /248 | E61: 29/04/2017
A62: 4700020-15103 | B62: Samsat Online Waru Pamekasan,, Raya Waru, Pamekasan | C62: SAMSAT ONLINE | D62: 172.20.81.33 /27 | E62: 24/01/2015
A63: 1750096393 | B63: Capem Kamal, Jl. Trunojoyo 30 Bangkalan | C63: CAPEM | D63: 172.20.83.1 /28 | E63: 14/12/2012
A64: 4700020-47551 | B64: Samsat Online Capem Blega, Jl. Raya Blega 33 Bangkalan | C64: SAMSAT ONLINE | D64: 172.20.83.1 /28 | E64: 14/12/2012
A65: 4700020-28893 | B65: Samsat Online Capem UWK (Univ. Wijaya Kusuma), Dukuh Kupang Barat 1 | C65: SAMSAT ONLINE | D65: 172.200.15.1 /24 | E65: 42010
A66: 4700020-98625 | B66: Samsat Online Capem Driyorejo, Jl. Raya Cangkir 103 Driyorejo | C66: SAMSAT ONLINE | D66: 172.200.21.1 /24 | E66: 13/01/2015
A67: 4700020-37118 | B67: Samsat Online Cab Madiun , Jl Jawa No 43 Madiun | C67: SAMSAT ONLINE | D67: 172.200.41.1 /24 | E67: 22/04/2017
A68: 4700020-37122 | B68: Samsat Online Capem Dolopo, Pasar Dolopo | C68: SAMSAT ONLINE | D68: 172.200.42.1 /24 | E68: 44257
A69: 4700020-12352 | B69: Samsat Online Capem Karangjati, , Jl. Raya Karangjati | C69: SAMSAT ONLINE | D69: 172.200.43.1 /24 | E69: 42010
A70: 4700020-37120 | B70: Samsat Online Capem Caruban, Jl.Pangsud 179, Caruban | C70: SAMSAT ONLINE | D70: 172.200.44.1 /24 | E70: 42009
A71: 4700020-93950 | B71: Samsat Online Capem Tumpang Jl.Ry Tumpang 54, Tumpang, Kec.Tumpang,Kab.Malang | C71: SAMSAT ONLINE | D71: 172.200.61.1 /24 | E71: 16/01/2023
A72: 4700020-18844 | B72: Samsat Online Capem Dampit, Semeru Sel, Dampit | C72: SAMSAT ONLINE | D72: 172.200.62.1 /24 | E72: 42014
A73: 4700020-51685 | B73: Samsat Online Capem Pasirian Lumajang | C73: SAMSAT ONLINE | D73: 172.200.66.1 /24 | E73: 41030
A74: 4700020-93708 | B74: Samsat Online Capem Tanggul, Jl. PB Sudirman, Tanggul | C74: SAMSAT ONLINE | D74: 172.200.72.1 /24 | E74: 21/07/2015
A75: 4700020-61436 | B75: Samsat Online Capem Glenmore, komp Ruko Karang Glenmor | C75: SAMSAT ONLINE | D75: 172.200.76.1 /24 | E75: 16/02/4700
A76: 1714201024 | B76: Samsat Online Kangean, Jl. Raya Sriwijaya 431, Kalikatak, Artajasa, Kangean | C76: SAMSAT ONLINE | D76: 172.200.84.1 /27 | E76: 31/08/2022
A77: 1217701725 | B77: Kantor Fungsional & Anjungan Tunai Mandiri Puger Cab Jember Jl. Adi Darmo 24 Puger Kulon - Puger | C77: KANTOR FUNGSIONAL | D77: 172.25.0.14 /28 | E77: 43899
A78: 1906922167 | B78: Kantor Fungsional Pemkab Kediri JL. Soerkarno Hatta No.1 Kediri | C78: KANTOR FUNGSIONAL | D78: 172.25.0.17 /28 | E78: 45242
A79: 4700020-0006340060 | B79: Bank Jatim u/ Indonet, Jl. Rempoa Raya No. 11 Ciputat, Tangerang (SMS Banking) Back UP (REQUEST SHUTDOWN KONEKSI) | C79: H2H | D79: 172.25.13.161/30 | E79: 27/05/2015 | G79: Ada request shutdown koneksi (layanan tdk dipakai) dan kesepakatan harga di free kan samapi DO OKT 2025
A80: 1725138308 | B80: Payment Point KK RSUD Karsa Husada Batu, Jl.Ahmad Yani 11-13, Batu | C80: PAYMENT POINT | D80: 172.26.0.1 /29 | E80: 44907
A81: 1916899203 | B81: CRM Yayasan Khadijah Jl. Ahmad Yani No. 2-4, Surabaya (Anjungan Tunai Mandiri Center) | C81: CRM | D81: 172.26.0.105 /29 | E81: 45566
A82: 1924413149 | B82: CRM Bandara Blimbingsari Banyuwangi, Jl. Pantai Blimbingsari, Kec. Blimbingsari, Kab. Banyuwangi, Jawa Timur, 68642 | C82: CRM | D82: 172.26.0.113 /29 | E82: 24/01/2024
A83: 1257415847 | B83: ATM Dlangu Jl.Raya Dlanggu 8, Kab Mojokerto | C83: ATM | D83: 172.26.0.117 /29 | E83: 19/06/2024
A84: 2014925325 | B84: Payment Point Mall Pelayanan Publik Mojokerto, JL R.A. Basuki No 29, Mergolo Sooko, Mojokerto Jawa Timur 61361 | C84: PAYMENT POINT | D84: 172.26.0.117 /29 | E84: 19/06/2024
A85: 1926651761 | B85: Kantor Kasir RSUD Tongas, JL.Raya Tongas No.299,Karang Sawo,Kraksaan, Kab Probolinggo | C85: KANTOR FUNGSIONAL | D85: 172.26.0.121 /29 | E85: 15/02/2024
A86: 1916432958 | B86: ATM Poltek Jember Kampus Bondowoso, Raya Situbondo Blindungan, Bondowoso | C86: ATM | D86: 172.26.0.137 /29 | E86: 45597
A87: 2008027734 | B87: ATM PP JT RSUD Dr. Soetomo Surabaya, Jl.Mayjend.PROF. DR. Soestopo No.6-8 Surabaya | C87: ATM | D87: 172.26.0.145 /29 | E87: 29/05/2024
A88: 2008098782 | B88: ATM RS Sakit Rizani Kraksaan, Jl Sumberejo, Paiton Kab. Probolinggo | C88: ATM | D88: 172.26.0.153 /29 | E88: 30/05/2024
A89: 2008353774 | B89: ATM PEMKOT Kediri, JL Basuki Rahmat No15 Kediri | C89: ATM | D89: 172.26.0.161 /29 | E89: 45449
A90: 2011174417 | B90: ATM SMKN 1 Malang, JL Sonokembang Bandung Rejosari Kec Sukun, Malang | C90: ATM | D90: 172.26.0.169 /29 | E90: 15/06/2024
A91: 4700020-65393 | B91: Cabang Pasuruan.Jl. Pahlawan 18 Pasuruan | C91: CABANG | D91: 172.26.0.17 /29 | E91: 24/01/2023
A92: 1736954879 | B92: Kantor Fungsional Pemkab Pasuruan Komplek Perkantoran Raci, Jl. Raya Raci, Bangil, Pasuruan | C92: KANTOR FUNGSIONAL | D92: 172.26.0.17 /29 | E92: 24/01/2023
A93: 2076380599 | B93: Payment Point Pasar Kolpajung, JL Ronggo Sukowati, Kolpajung Kec Pamekasan, Kab Pamekasan, Pamekasan | C93: PAYMENT POINT | D93: 172.26.0.193 /29 | E93: 16/12/2024
A94: 2030055106 | B94: Payment Point SPP Joyoboyo, GD TIJ LT3 JL Joyoboyo No 1 Sawugaling Kec Wonokromo Surabaya | C94: PAYMENT POINT | D94: 172.26.0.201 /29 | E94: 42106
A95: 2028280549 | B95: Payment Point SPP Nambangan Surabaya, JL Nambangan No 1 Tanah Kali Kedinding, Surabaya | C95: PAYMENT POINT | D95: 172.26.0.209 /29 | E95: 45331
A96: 2045612475 | B96: Payment Point S P P Pakal Surabaya, Taman Cahaya JL Raya Pakal Surabaya | C96: PAYMENT POINT | D96: 172.26.0.217 /29 | E96: 25/09/2024
A97: 2030033230 | B97: CRM Komplek Perkantoran Pemda Bojonegoro, Komplek Perkantoran Pemda JL DR Wahidin No 40 Bojonegoro | C97: CRM | D97: 172.26.0.225 /29 | E97: 45544
A98: 2030021918 | B98: Kantor Fungsional RS Bhakti Dharma Husada Surabaya,JL Raya Kendung No 115-117 Surabaya | C98: KANTOR FUNGSIONAL | D98: 172.26.0.233 /29 | E98: 45574
A99: 2074868289 | B99: Kantor Fungsional Songgon Banyuwangi,JL ahmad Yani, DS Songgon RT 01 RW 02 Banyuwangi | C99: KANTOR FUNGSIONAL | D99: 172.26.0.241 /29 | E99: 18/11/2024
A100: 1706293159 | B100: ATM Kebonagung, Desa Pacitan | C100: ATM | D100: 172.26.0.249 /29 | E100: 27/12/2024
...

Sheet JAN26
B2: • TELKOM - MONTHLY RECURRING CHARGES
A3: NO. | B3: JENIS KANTOR | C3: ALAMAT | D3: KATEGORI LOKASI | E3: LAYANAN | F3: TYPE ORDER | G3: ID | H3: PERIOD | I3: Bandwidth | L3: IP Host Telkom | M3: TANGGAL AKTIVASI | N3: TANGGAL MULAI AKTIF LAYANAN (UPGRADE/DOWNGRADE) | O3: PEMAKAIAN AVERAGE (Kbps) | Q3: TRAFFIK TOTAL (Kbps) | S3: DURASI DOWNTIME | T3: SLA | V3: AVAILABILITY (Jam/bulan) | W3: RESTITUSI (Rp) | Y3: HARGA (Rp) | AE3: TOTAL | AF3: HARGA SETELAH RESTITUSI | AG3: SUB TOTAL PER CABANG | AH3: MIKROTIK/NONMIKROTIK | AI3: KETERANGAN
G4: SID JAN 2025 | I4: Eksisting BW | J4: Upgrade BW | K4: Downgrade BW | O4: Eksisting | P4: Upgrade | Q4: Eksisting | R4: Upgrade | S4: (Detik) | T4: SLA ACTUAL | U4: SLA PKS | W4: Restitusi Over SLA | X4: Restitusi Tagihan | Y4: Eksisting | Z4: Upgrade (Prorate) | AA4: Downgrade (Prorate) | AB4: Cabut (Prorate) | AC4: PSB (Prorate) | AD4: Relokasi | AE4: TOTAL | AF4: HARGA SETELAH RESTITUSI | AG4: SUB TOTAL PER CABANG | AH4: MIKROTIK/NONMIKROTIK | AI4: KETERANGAN
A5: A | B5: B | C5: C | D5: D | E5: E | F5: F | G5: G | H5: H | I5: I | J5: J | K5: K | L5: L | M5: M | N5: N | O5: O | P5: P | Q5: Q | R5: R | S5: S | T5: T | U5: U | V5: V | W5: W | X5: X | Y5: Y | Z5: Z | AA5: AA | AB5: AB | AC5: AC | AD5: AD | AE5: AE | AF5: AE | AG5: AG | AH5: AH | AI5: AI
A6: 1 | B6: KANTOR PUSAT | C6: {=_xlfn.XLOOKUP(G6,DATABASE!$A$2:$A$806,DATABASE!$B$2:$B$806)} -> Bank Jatim Internet Kantor Pusat; Jl.Basuki Rahmat No. 98-104, Surabaya ( Astinet ) | D6: {=_xlfn.XLOOKUP(G6,DATABASE!$A$2:$A$808,DATABASE!$C$2:$C$808)} -> INTERNET KANTOR PUSAT | E6: TELKOM ASTINET | F6: EKSISTING | G6: 4700020-38090 | H6: 202512 | I6: 100 Mbps | L6: 10.10.30.1 /30 (222.124.169.177 /29) | M6: 7/26/2017 | O6: 12390.4 | Q6: =(O6*24*3600*30/8)/100000 -> 40144.896 | R6: =(P6*24*3600*30/8)/100000 -> 0 | S6: 0 | T6: =(V6-S6)/V6 -> 1 | U6: 0.99 | V6: 2678400 | W6: =MAX(0, (((S6 - ((1 - VALUE(U6)) * V6)) / V6) * AE6)) -> 0 | X6: 0.00 | Y6: 20412151 | AE6: =SUM(Y6:AD6) -> 20412151 | AF6: =IFERROR(AE6+W6,0) -> 20412151 | AG6: 107313280
A7: =A6+1 -> 2 | B7: KANTOR PUSAT | C7: {=_xlfn.XLOOKUP(G7,DATABASE!$A$2:$A$808,DATABASE!$B$2:$B$808)} -> Bank Jatim Backhaul VPN IP Kantor Pusat; Jl. Basuki Rahmat No 98-104 Surabaya | D7: {=_xlfn.XLOOKUP(G7,DATABASE!$A$2:$A$808,DATABASE!$C$2:$C$808)} -> WAN KANTOR PUSAT | E7: TELKOM VPN IP | F7: EKSISTING | G7: 4700020-10498 | H7: 202512 | I7: 100 Mbps | L7: 192.168.152.2 /30 | M7: 43199 | O7: 48363.52 | Q7: =(O7*24*3600*30/8)/100000 -> 156697.8 | R7: =(P7*24*3600*30/8)/100000 -> 0 | S7: 0 | T7: =(V7-S7)/V7*100% -> 1 | U7: 0.99 | V7: 2678400 | W7: =MAX(0, (((S7 - ((1 - VALUE(U7)) * V7)) / V7) * AE7)) -> 0 | X7: 0.00 | Y7: 20776000 | AE7: =SUM(Y7:AD7) -> 20776000 | AF7: =IFERROR(AE7+W7,0) -> 20776000
A8: =A7+1 -> 3 | B8: KANTOR PUSAT | C8: {=_xlfn.XLOOKUP(G8,DATABASE!$A$2:$A$806,DATABASE!$B$2:$B$806)} -> Bank Jatim Neucentrix Gubeng, Jl.Sumatera No.131 Lt 3 Kec Gubeng , Surabaya | D8: {=_xlfn.XLOOKUP(G8,DATABASE!$A$2:$A$808,DATABASE!$C$2:$C$808)} -> COLOCATION | E8: TELKOM NEUCENTRIX | F8: PASANG BARU | G8: 2095151855/2095149600 | H8: 202512 | I8: 0 | L8: 36.64.131.241/29 | M8: 46003 | N8: 46003 | O8: 234.11 | Q8: =(O8*24*3600*30/8)/100000 -> 758.5164 | R8: =(P8*24*3600*30/8)/100000 -> 0 | S8: 0 | T8: =(V8-S8)/V8*100% -> 1 | U8: 0.99 | V8: 2678400 | W8: =MAX(0, (((S8 - ((1 - VALUE(U8)) * V8)) / V8) * AE8)) -> 0 | X8: 0.00 | Y8: 1377297 | AC8: 0 | AE8: =SUM(Y8:AD8) -> 1377297 | AF8: =IFERROR(AE8+W8,0) -> 1377297 | AI8: MIGRASI KE LAYANAN BARU dengan PASANG BARU DES 2025
A9: =A8+1 -> 4 | B9: KANTOR PUSAT | C9: {=_xlfn.XLOOKUP(G9,DATABASE!$A$2:$A$809,DATABASE!$B$2:$B$809)} -> Bank Jatim u/ PT ACS, JL. Soekarno Hatta 269,Bandung (SMS Banking Primary) | D9: {=_xlfn.XLOOKUP(G9,DATABASE!$A$2:$A$809,DATABASE!$C$2:$C$809)} -> H2H | E9: TELKOM VPN IP | F9: PEMUTUSAN | G9: 4700020-0004645351 | H9: 202512 | I9: 512 Kbps | L9: 192.168.151.150 /30 | M9: 3/14/2015 | N9: 46009 | O9: 5.95 | Q9: =(O9*24*3600*30/8)/100000 -> 19.278 | R9: =(P9*24*3600*30/8)/100000 -> 0 | S9: 0 | T9: =(V9-S9)/V9*100% -> 1 | U9: 0.99 | V9: 2678400 | W9: =MAX(0, (((S9 - ((1 - VALUE(U9)) * V9)) / V9) * AE9)) -> 0 | X9: 0.00 | Y9: 0 | AB9: 1391891 | AE9: =SUM(Y9:AD9) -> 1391891 | AF9: =IFERROR(AE9+W9,0) -> 1391891 | AI9: PEMUTUSAN 18 DES 2025
A10: =A9+1 -> 5 | B10: KANTOR PUSAT | C10: {=_xlfn.XLOOKUP(G10,DATABASE!$A$2:$A$806,DATABASE!$B$2:$B$806)} -> Bank Jatim u/ Host To Host Finnet ; Jl Kapt.Subijanto Graha Telkom Sigma Lt. 3 BSD Lekong - Serpong | D10: {=_xlfn.XLOOKUP(G10,DATABASE!$A$2:$A$809,DATABASE!$C$2:$C$809)} -> H2H | E10: TELKOM VPN IP | F10: EKSISTING | G10: 4700020-92381 | H10: 202512 | I10: 512 Kbps | L10: 10.2.254.73 /30 | M10: 42278 | O10: 1.72108 | Q10: =(O10*24*3600*30/8)/100000 -> 5.5762992 | R10: =(P10*24*3600*30/8)/100000 -> 0 | S10: 0 | T10: =(V10-S10)/V10*100% -> 1 | U10: 0.99 | V10: 2678400 | W10: =MAX(0, (((S10 - ((1 - VALUE(U10)) * V10)) / V10) * AE10)) -> 0 | X10: 0.00 | Y10: 2319819 | AE10: =SUM(Y10:AD10) -> 2319819 | AF10: =IFERROR(AE10+W10,0) -> 2319819
A11: =A10+1 -> 6 | B11: KANTOR PUSAT | C11: {=_xlfn.XLOOKUP(G11,DATABASE!$A$2:$A$806,DATABASE!$B$2:$B$806)} -> Bank Jatim u/ Host To Host MPN G2 KEMENKEU; Graha Telkom Sigma Lt 3 BSD Tangerang | D11: {=_xlfn.XLOOKUP(G11,DATABASE!$A$2:$A$809,DATABASE!$C$2:$C$809)} -> H2H | E11: TELKOM VPN IP | F11: EKSISTING | G11: 4700020-0020988266 | H11: 202512 | I11: 512 Kbps | L11: 172.31.187.161 /30 | M11: 42099 | O11: 15.3 | Q11: =(O11*24*3600*30/8)/100000 -> 49.572 | R11: =(P11*24*3600*30/8)/100000 -> 0 | S11: 0 | T11: =(V11-S11)/V11*100% -> 1 | U11: 0.99 | V11: 2678400 | W11: =MAX(0, (((S11 - ((1 - VALUE(U11)) * V11)) / V11) * AE11)) -> 0 | X11: 0.00 | Y11: 2319819 | AE11: =SUM(Y11:AD11) -> 2319819 | AF11: =IFERROR(AE11+W11,0) -> 2319819
A12: =A11+1 -> 7 | B12: KANTOR PUSAT | C12: {=_xlfn.XLOOKUP(G12,DATABASE!$A$2:$A$806,DATABASE!$B$2:$B$806)} -> Bank Jatim u/ Bandwith Pelaporan Aplikasi BI-RTGS/SSSS/ETP, Bank Indonesia - RTGS; Telkom Sigma Lakarsantri IVC Surabaya | D12: {=_xlfn.XLOOKUP(G12,DATABASE!$A$2:$A$809,DATABASE!$C$2:$C$809)} -> Aplikasi BI-RTGS/SSSS/ETP BI | E12: TELKOM MANAGED NETWORK | F12: EKSISTING | G12: 1-IPP6AAY/1703056946 | H12: 202512 | I12: 2 Mbps | L12: 172.16.205.109/30 | M12: 1/13/2022 | O12: 86.18 | Q12: =(O12*24*3600*30/8)/100000 -> 279.2232 | R12: =(P12*24*3600*30/8)/100000 -> 0 | S12: 0 | T12: =(V12-S12)/V12*100% -> 1 | U12: 0.99 | V12: 2678400 | W12: =MAX(0, (((S12 - ((1 - VALUE(U12)) * V12)) / V12) * AE12)) -> 0 | X12: 0.00 | Y12: 5782000 | AE12: =SUM(Y12:AD12) -> 5782000 | AF12: =IFERROR(AE12+W12,0) -> 5782000 | AI12: Kesepakatan REKON APR 2026 AM Safir dan Pak Rai SID ini BW TETAP di tulis 2Mbps diinvois HARGA PKS Baru , WALO PE 4Mbps
A13: =A12+1 -> 8 | B13: KANTOR PUSAT | C13: {=_xlfn.XLOOKUP(G13,DATABASE!$A$2:$A$806,DATABASE!$B$2:$B$806)} -> Bank Jatim u/ Host To Host Artajasa Sigma; Jl. Bukit Bali B3 Lakarsantri Surabaya Lt.3 | D13: {=_xlfn.XLOOKUP(G13,DATABASE!$A$2:$A$809,DATABASE!$C$2:$C$809)} -> SPP ONLINE | E13: TELKOM VPN IP | F13: EKSISTING | G13: 4700020-0029217410 | H13: 202512 | I13: 512 Kbps | L13: 10.240.0.2 /30 | M13: 42440 | O13: 0.07125 | Q13: =(O13*24*3600*30/8)/100000 -> 0.23085 | R13: =(P13*24*3600*30/8)/100000 -> 0 | S13: 0 | T13: =(V13-S13)/V13*100% -> 1 | U13: 0.99 | V13: 2678400 | W13: =MAX(0, (((S13 - ((1 - VALUE(U13)) * V13)) / V13) * AE13)) -> 0 | X13: 0.00 | Y13: 2319819 | AE13: =SUM(Y13:AD13) -> 2319819 | AF13: =IFERROR(AE13+W13,0) -> 2319819
A14: =A13+1 -> 9 | B14: KANTOR PUSAT | C14: {=_xlfn.XLOOKUP(G14,DATABASE!$A$2:$A$806,DATABASE!$B$2:$B$806)} -> Bank Jatim u/ Host To Host KTP-el Ditjen Dukcapil; DC Sigma Tangerang Lt.3 Wing timur, BSD Tangerang | D14: {=_xlfn.XLOOKUP(G14,DATABASE!$A$2:$A$809,DATABASE!$C$2:$C$809)} -> H2H | E14: TELKOM VPN IP | F14: EKSISTING | G14: 4700020-0029298844 | H14: 202512 | I14: 2 Mbps | L14: 10.240.0.6 /30 | M14: 4/13/2016 | O14: 12.9 | Q14: =(O14*24*3600*30/8)/100000 -> 41.796 | R14: =(P14*24*3600*30/8)/100000 -> 0 | S14: 0 | T14: =(V14-S14)/V14*100% -> 1 | U14: 0.99 | V14: 2678400 | W14: =MAX(0, (((S14 - ((1 - VALUE(U14)) * V14)) / V14) * AE14)) -> 0 | X14: 0.00 | Y14: 3671171 | AE14: =SUM(Y14:AD14) -> 3671171 | AF14: =IFERROR(AE14+W14,0) -> 3671171
A15: =A14+1 -> 10 | B15: KANTOR PUSAT | C15: {=_xlfn.XLOOKUP(G15,DATABASE!$A$2:$A$806,DATABASE!$B$2:$B$806)} -> Bank Jatim u/ Host To Host Call Center Infomedia; Jl. A. Yani 88, Lt.4, Surabaya | D15: {=_xlfn.XLOOKUP(G15,DATABASE!$A$2:$A$809,DATABASE!$C$2:$C$809)} -> CALL CENTER INFOMEDIA | E15: TELKOM VPN IP | F15: EKSISTING | G15: 4700020-0030913016 | H15: 202512 | I15: 10 Mbps | L15: 192.168.151.174 /30 | M15: 5/26/2017 | O15: 6.44 | Q15: =(O15*24*3600*30/8)/100000 -> 20.8656 | R15: =(P15*24*3600*30/8)/100000 -> 0 | S15: 0 | T15: =(V15-S15)/V15*100% -> 1 | U15: 0.99 | V15: 2678400 | W15: =MAX(0, (((S15 - ((1 - VALUE(U15)) * V15)) / V15) * AE15)) -> 0 | X15: 0.00 | Y15: 9800000 | AE15: =SUM(Y15:AD15) -> 9800000 | AF15: =IFERROR(AE15+W15,0) -> 9800000
A16: =A15+1 -> 11 | B16: KANTOR PUSAT | C16: {=_xlfn.XLOOKUP(G16,DATABASE!$A$2:$A$806,DATABASE!$B$2:$B$806)} -> Bank Jatim u/ Internet DRC Bank Jatim; JL.Citraland Surabaya ( Astinet ) | D16: {=_xlfn.XLOOKUP(G16,DATABASE!$A$2:$A$809,DATABASE!$C$2:$C$809)} -> INTERNET KANTOR PUSAT | E16: TELKOM ASTINET | F16: EKSISTING | G16: 4700020-0031230943 | H16: 202512 | I16: 12 Mbps | L16: 172.17.171.38 /30 (36.89.37.209 /28) | M16: 12/29/2017 | O16: 515.17 | Q16: =(O16*24*3600*30/8)/100000 -> 1669.1508 | R16: =(P16*24*3600*30/8)/100000 -> 0 | S16: 0 | T16: =(V16-S16)/V16*100% -> 1 | U16: 0.99 | V16: 2678400 | W16: =MAX(0, (((S16 - ((1 - VALUE(U16)) * V16)) / V16) * AE16)) -> 0 | X16: 0.00 | Y16: 2940000 | AE16: =SUM(Y16:AD16) -> 2940000 | AF16: =IFERROR(AE16+W16,0) -> 2940000
A17: =A16+1 -> 12 | B17: KANTOR PUSAT | C17: {=_xlfn.XLOOKUP(G17,DATABASE!$A$2:$A$806,DATABASE!$B$2:$B$806)} -> Bank Jatim Backhaul VPN IP DC; Graha Telkom Sigma Lt 3 BSD Tangerang | D17: {=_xlfn.XLOOKUP(G17,DATABASE!$A$2:$A$809,DATABASE!$C$2:$C$809)} -> DC | E17: TELKOM VPN IP | F17: EKSISTING | G17: 4700020-82572 | H17: 202512 | I17: 100 Mbps | L17: 172.17.20.2 /30 | M17: 42186 | N17: 46022 | O17: 30904.32 | Q17: =(O17*24*3600*30/8)/100000 -> 100130 | R17: =(P17*24*3600*30/8)/100000 -> 0 | S17: 0 | T17: =(V17-S17)/V17*100% -> 1 | U17: 0.99 | V17: 2678400 | W17: =MAX(0, (((S17 - ((1 - VALUE(U17)) * V17)) / V17) * AE17)) -> 0 | X17: 0.00 | Y17: 20776000 | AE17: =SUM(Y17:AD17) -> 20776000 | AF17: =IFERROR(AE17+W17,0) -> 20776000 | AI17: Upgrade Bandwidth Temporer kegiatan akhir tahun 2025, Tidak merubah abonemen
A18: =A17+1 -> 13 | B18: KANTOR PUSAT | C18: {=_xlfn.XLOOKUP(G18,DATABASE!$A$2:$A$806,DATABASE!$B$2:$B$806)} -> Bank Jatim Backhaul VPN IP DRC; Bukit Bali B3-2 Lakarsantri Surabaya | D18: {=_xlfn.XLOOKUP(G18,DATABASE!$A$2:$A$809,DATABASE!$C$2:$C$809)} -> DRC | E18: TELKOM VPN IP | F18: EKSISTING | G18: 4700020-68390 | H18: 202512 | I18: 100 Mbps | L18: 172.17.52.2 /30 | M18: 6/24/2015 | O18: 26818.56 | Q18: =(O18*24*3600*30/8)/100000 -> 86892.134 | R18: =(P18*24*3600*30/8)/100000 -> 0 | S18: 0 | T18: =(V18-S18)/V18*100% -> 1 | U18: 0.99 | V18: 2678400 | W18: =MAX(0, (((S18 - ((1 - VALUE(U18)) * V18)) / V18) * AE18)) -> 0 | X18: 0.00 | Y18: 20776000 | AE18: =SUM(Y18:AD18) -> 20776000 | AF18: =IFERROR(AE18+W18,0) -> 20776000
A19: =A18+1 -> 14 | B19: KANTOR PUSAT | C19: {=_xlfn.XLOOKUP(G19,DATABASE!$A$2:$A$806,DATABASE!$B$2:$B$806)} -> Bank Jatim u/ Host To Host Metro DJP-DC; Jl. Gatot Subroto Kav. 40-42 JKT ke DC Sigma Citraland SBY (E-Filling) | D19: {=_xlfn.XLOOKUP(G19,DATABASE!$A$2:$A$809,DATABASE!$C$2:$C$809)} -> H2H METRO | E19: TELKOM METRO | F19: EKSISTING | G19: 4700020-0029669221 | H19: 202512 | I19: 1 Mbps | L19: - | M19: 1/26/2016 | O19: 3.91 | Q19: =(O19*24*3600*30/8)/100000 -> 12.6684 | R19: =(P19*24*3600*30/8)/100000 -> 0 | S19: 0 | T19: =(V19-S19)/V19*100% -> 1 | U19: 0.99 | V19: 2678400 | W19: =MAX(0, (((S19 - ((1 - VALUE(U19)) * V19)) / V19) * AE19)) -> 0 | X19: 0.00 | Y19: 2737114 | AE19: =SUM(Y19:AD19) -> 2737114 | AF19: =IFERROR(AE19+W19,0) -> 2737114
A20: =A19+1 -> 15 | B20: KANTOR PUSAT | C20: {=_xlfn.XLOOKUP(G20,DATABASE!$A$2:$A$806,DATABASE!$B$2:$B$806)} -> Bank Jatim u/ Host To Host Metro DC -DJP; DC Sigma Citraland SBY ke Jl. Gatot Subroto Kav. 40-42 JKT (E-Filling) | D20: {=_xlfn.XLOOKUP(G20,DATABASE!$A$2:$A$809,DATABASE!$C$2:$C$809)} -> H2H METRO | E20: TELKOM METRO | F20: EKSISTING | G20: 4700020-0030871897 | H20: 202512 | I20: 1 Mbps | L20: - | M20: 4/18/2017 | O20: 0.47008 | Q20: =(O20*24*3600*30/8)/100000 -> 1.5230592 | R20: =(P20*24*3600*30/8)/100000 -> 0 | S20: 0 | T20: =(V20-S20)/V20*100% -> 1 | U20: 0.99 | V20: 2678400 | W20: =MAX(0, (((S20 - ((1 - VALUE(U20)) * V20)) / V20) * AE20)) -> 0 | X20: 0.00 | Y20: 2737114 | AE20: =SUM(Y20:AD20) -> 2737114 | AF20: =IFERROR(AE20+W20,0) -> 2737114
A21: =A20+1 -> 16 | B21: KANTOR PUSAT | C21: {=_xlfn.XLOOKUP(G21,DATABASE!$A$2:$A$806,DATABASE!$B$2:$B$806)} -> Bank Jatim u/ Host To Host Metro Asabri -DC; Jl.Mayjen Sutoyo 11 JakTim | D21: {=_xlfn.XLOOKUP(G21,DATABASE!$A$2:$A$809,DATABASE!$C$2:$C$809)} -> H2H METRO | E21: TELKOM METRO | F21: EKSISTING | G21: 4700020-0031134693 | H21: 202512 | I21: 1 Mbps | L21: - | M21: 10/26/2017 | O21: 114.11 | Q21: =(O21*24*3600*30/8)/100000 -> 369.7164 | R21: =(P21*24*3600*30/8)/100000 -> 0 | S21: 0 | T21: =(V21-S21)/V21*100% -> 1 | U21: 0.99 | V21: 2678400 | W21: =MAX(0, (((S21 - ((1 - VALUE(U21)) * V21)) / V21) * AE21)) -> 0 | X21: 0.00 | Y21: 2737114 | AE21: =SUM(Y21:AD21) -> 2737114 | AF21: =IFERROR(AE21+W21,0) -> 2737114
A22: =A21+1 -> 17 | B22: KANTOR PUSAT | C22: {=_xlfn.XLOOKUP(G22,DATABASE!$A$2:$A$806,DATABASE!$B$2:$B$806)} -> Bank Jatim u/ Host To Host Metro DC- Asabri; Sigma Citraland Jl.Bukit Bali B3 2 Lakarsantri Surabaya | D22: {=_xlfn.XLOOKUP(G22,DATABASE!$A$2:$A$809,DATABASE!$C$2:$C$809)} -> H2H METRO | E22: TELKOM METRO | F22: EKSISTING | G22: 4700020-0031135108 | H22: 202512 | I22: 1 Mbps | L22: - | M22: 10/31/2017 | O22: 0.48568 | Q22: =(O22*24*3600*30/8)/100000 -> 1.5736032 | R22: =(P22*24*3600*30/8)/100000 -> 0 | S22: 0 | T22: =(V22-S22)/V22*100% -> 1 | U22: 0.99 | V22: 2678400 | W22: =MAX(0, (((S22 - ((1 - VALUE(U22)) * V22)) / V22) * AE22)) -> 0 | X22: 0.00 | Y22: 2737114 | AE22: =SUM(Y22:AD22) -> 2737114 | AF22: =IFERROR(AE22+W22,0) -> 2737114
A23: =A22+1 -> 18 | B23: KANTOR PUSAT | C23: {=_xlfn.XLOOKUP(G23,DATABASE!$A$2:$A$806,DATABASE!$B$2:$B$806)} -> Bank Jatim u/ Host To Host Metro P2P DC-MKM; Data Center Jl. Gedung German Center Lt. 3, BSD Tangerang ke DCI Bekasi (H2H MKM DCI Tangerang) | D23: {=_xlfn.XLOOKUP(G23,DATABASE!$A$2:$A$809,DATABASE!$C$2:$C$809)} -> H2H METRO | E23: TELKOM METRO | F23: EKSISTING | G23: 790038103 | H23: 202512 | I23: 1 Mbps | L23: - | M23: 43497 | O23: 68.86 | Q23: =(O23*24*3600*30/8)/100000 -> 223.1064 | R23: =(P23*24*3600*30/8)/100000 -> 0 | S23: 0 | T23: =(V23-S23)/V23*100% -> 1 | U23: 0.99 | V23: 2678400 | W23: =MAX(0, (((S23 - ((1 - VALUE(U23)) * V23)) / V23) * AE23)) -> 0 | X23: 0.00 | Y23: 2737114 | AE23: =SUM(Y23:AD23) -> 2737114 | AF23: =IFERROR(AE23+W23,0) -> 2737114
A24: =A23+1 -> 19 | B24: KANTOR PUSAT | C24: {=_xlfn.XLOOKUP(G24,DATABASE!$A$2:$A$806,DATABASE!$B$2:$B$806)} -> Bank Jatim u/ Host To Host Metro P2P MKM-DC; DCI Bekasi, Jl. Halmahera Blok F1 No.1, Danau Indah, Cikarang Bar, Bekasi ke (H2H MKM DCI Tangerang) | D24: {=_xlfn.XLOOKUP(G24,DATABASE!$A$2:$A$809,DATABASE!$C$2:$C$809)} -> H2H METRO | E24: TELKOM METRO | F24: EKSISTING | G24: 790226991 | H24: 202512 | I24: 1 Mbps | L24: - | M24: 43497 | O24: 34.65 | Q24: =(O24*24*3600*30/8)/100000 -> 112.266 | R24: =(P24*24*3600*30/8)/100000 -> 0 | S24: 0 | T24: =(V24-S24)/V24*100% -> 1 | U24: 0.99 | V24: 2678400 | W24: =MAX(0, (((S24 - ((1 - VALUE(U24)) * V24)) / V24) * AE24)) -> 0 | X24: 0.00 | Y24: 2737114 | AE24: =SUM(Y24:AD24) -> 2737114 | AF24: =IFERROR(AE24+W24,0) -> 2737114
A25: =A24+1 -> 20 | B25: KANTOR PUSAT | C25: {=_xlfn.XLOOKUP(G25,DATABASE!$A$2:$A$806,DATABASE!$B$2:$B$806)} -> Bank Jatim u/ Host To Host Metro Bpjs T.Kerja JL. Medan Merdeka Barat 13-14, Jakarta Pusat | D25: {=_xlfn.XLOOKUP(G25,DATABASE!$A$2:$A$809,DATABASE!$C$2:$C$809)} -> H2H METRO | E25: TELKOM METRO | F25: EKSISTING | G25: 1261472344 | H25: 202512 | I25: 1 Mbps | L25: - | M25: 3/26/2021 | O25: 0.62455 | Q25: =(O25*24*3600*30/8)/100000 -> 2.023542 | R25: =(P25*24*3600*30/8)/100000 -> 0 | S25: 0 | T25: =(V25-S25)/V25*100% -> 1 | U25: 0.99 | V25: 2678400 | W25: =MAX(0, (((S25 - ((1 - VALUE(U25)) * V25)) / V25) * AE25)) -> 0 | X25: 0.00 | Y25: 2737114 | AE25: =SUM(Y25:AD25) -> 2737114 | AF25: =IFERROR(AE25+W25,0) -> 2737114
A26: =A25+1 -> 21 | B26: KANTOR PUSAT | C26: {=_xlfn.XLOOKUP(G26,DATABASE!$A$2:$A$806,DATABASE!$B$2:$B$806)} -> Bank Jatim u/ Host To Host Metro BPJS Graha Sigma Lt.6, Tangerang | D26: {=_xlfn.XLOOKUP(G26,DATABASE!$A$2:$A$809,DATABASE!$C$2:$C$809)} -> H2H METRO | E26: TELKOM METRO | F26: EKSISTING | G26: 1261472394 | H26: 202512 | I26: 1 Mbps | L26: - | M26: 3/26/2021 | O26: 789.32 | Q26: =(O26*24*3600*30/8)/100000 -> 2557.3968 | R26: =(P26*24*3600*30/8)/100000 -> 0 | S26: 0 | T26: =(V26-S26)/V26*100% -> 1 | U26: 0.99 | V26: 2678400 | W26: =MAX(0, (((S26 - ((1 - VALUE(U26)) * V26)) / V26) * AE26)) -> 0 | X26: 0.00 | Y26: 2737114 | AE26: =SUM(Y26:AD26) -> 2737114 | AF26: =IFERROR(AE26+W26,0) -> 2737114
A27: =A26+1 -> 22 | B27: KANTOR PUSAT | C27: {=_xlfn.XLOOKUP(G27,DATABASE!$A$2:$A$806,DATABASE!$B$2:$B$806)} -> Bank Jatim u/ Aplikasi JKD BANK INDONESIA JL. Kapten Subijanto LT. 5, German Center BSD Tangerang Selatan | D27: {=_xlfn.XLOOKUP(G27,DATABASE!$A$2:$A$809,DATABASE!$C$2:$C$809)} -> JKD BI | E27: TELKOM MANAGED NETWORK | F27: EKSISTING | G27: 1707535922 | H27: 202512 | I27: 0 | L27: - | M27: 43717 | O27: 0 | Q27: =(O27*24*3600*30/8)/100000 -> 0 | R27: =(P27*24*3600*30/8)/100000 -> 0 | S27: 0 | T27: =(V27-S27)/V27*100% -> 1 | U27: 0.99 | V27: 2678400 | W27: =MAX(0, (((S27 - ((1 - VALUE(U27)) * V27)) / V27) * AE27)) -> 0 | X27: 0.00 | Y27: 1412612 | AE27: =SUM(Y27:AD27) -> 1412612 | AF27: =IFERROR(AE27+W27,0) -> 1412612
A28: =A27+1 -> 23 | B28: KANTOR PUSAT | C28: {=_xlfn.XLOOKUP(G28,DATABASE!$A$2:$A$809,DATABASE!$B$2:$B$809)} -> Cabang Balikpapan JL. Jend Sudirman No.02 RT 011 Kel.Damai, Balikpapan Kaltim | D28: {=_xlfn.XLOOKUP(G28,DATABASE!$A$2:$A$809,DATABASE!$C$2:$C$809)} -> CABANG | E28: TELKOM VPN IP | F28: EKSISTING | G28: 2092109850 | H28: 202512 | I28: 2 Mbps | L28: 192.168.170.2/30 | M28: 45968 | O28: 12.40875 | Q28: =(O28*24*3600*30/8)/100000 -> 40.20435 | R28: =(P28*24*3600*30/8)/100000 -> 0 | S28: 0 | T28: =(V28-S28)/V28 -> 1 | U28: 0.99 | V28: 2678400 | W28: =MAX(0, (((S28 - ((1 - VALUE(U28)) * V28)) / V28) * AE28)) -> 0 | X28: 0.00 | Y28: 3671171 | AE28: =SUM(Y28:AD28) -> 3671171 | AF28: =IFERROR(AE28+W28,0) -> 3671171
A29: =A28+1 -> 24 | B29: UTAMA | C29: {=_xlfn.XLOOKUP(G29,DATABASE!$A$2:$A$806,DATABASE!$B$2:$B$806)} -> Kantor Kas Pajak Online Pemkot Surabaya, Jimerto 25-27 | D29: {=_xlfn.XLOOKUP(G29,DATABASE!$A$2:$A$809,DATABASE!$C$2:$C$809)} -> KANTOR KAS | E29: TELKOM VPN IP | F29: EKSISTING | G29: 4700020-88376 | H29: 202512 | I29: 512 Kbps | L29: 192.168.151.18 /30 | M29: 9/22/2017 | O29: 12.06 | Q29: =(O29*24*3600*30/8)/100000 -> 39.0744 | R29: =(P29*24*3600*30/8)/100000 -> 0 | S29: 300 | T29: =(V29-S29)/V29*100% -> 0.99988799 | U29: 0.99 | V29: 2678400 | W29: =MAX(0, (((S29 - ((1 - VALUE(U29)) * V29)) / V29) * AE29)) -> 0 | X29: 0.00 | Y29: 2319819 | AE29: =SUM(Y29:AD29) -> 2319819 | AF29: =IFERROR(AE29+W29,0) -> 2319819 | AG29: 99316968
A30: =A29+1 -> 25 | B30: UTAMA | C30: {=_xlfn.XLOOKUP(G30,DATABASE!$A$2:$A$806,DATABASE!$B$2:$B$806)} -> Kantor Kas Provinsi Jatim - Gubernur, Johar 17 Surabaya | D30: {=_xlfn.XLOOKUP(G30,DATABASE!$A$2:$A$809,DATABASE!$C$2:$C$809)} -> KANTOR KAS | E30: TELKOM VPN IP | F30: EKSISTING | G30: 4700020-88369 | H30: 202512 | I30: 512 Kbps | L30: 192.168.151.182 /30 | M30: 43773 | O30: 0.00203 | Q30: =(O30*24*3600*30/8)/100000 -> 0.0065772 | R30: =(P30*24*3600*30/8)/100000 -> 0 | S30: 420 | T30: =(V30-S30)/V30*100% -> 0.99984319 | U30: 0.99 | V30: 2678400 | W30: =MAX(0, (((S30 - ((1 - VALUE(U30)) * V30)) / V30) * AE30)) -> 0 | X30: 0.00 | Y30: 2319819 | AE30: =SUM(Y30:AD30) -> 2319819 | AF30: =IFERROR(AE30+W30,0) -> 2319819
A31: =A30+1 -> 26 | B31: UTAMA | C31: {=_xlfn.XLOOKUP(G31,DATABASE!$A$2:$A$806,DATABASE!$B$2:$B$806)} -> Kantor Kas Dipenda Manyar, Manyar Kertoarjo | D31: {=_xlfn.XLOOKUP(G31,DATABASE!$A$2:$A$809,DATABASE!$C$2:$C$809)} -> KANTOR KAS | E31: TELKOM VPN IP | F31: EKSISTING | G31: 4700020-88373 | H31: 202512 | I31: 512 Kbps | L31: 192.168.150.10 /30 | M31: 6/24/2015 | O31: 5.24 | Q31: =(O31*24*3600*30/8)/100000 -> 16.9776 | R31: =(P31*24*3600*30/8)/100000 -> 0 | S31: 7860 | T31: =(V31-S31)/V31*100% -> 0.99706541 | U31: 0.99 | V31: 2678400 | W31: =MAX(0, (((S31 - ((1 - VALUE(U31)) * V31)) / V31) * AE31)) -> 0 | X31: 0.00 | Y31: 2319819 | AE31: =SUM(Y31:AD31) -> 2319819 | AF31: =IFERROR(AE31+W31,0) -> 2319819
A32: =A31+1 -> 27 | B32: UTAMA | C32: {=_xlfn.XLOOKUP(G32,DATABASE!$A$2:$A$806,DATABASE!$B$2:$B$806)} -> Samsat Online Capem UWK (Univ. Wijaya Kusuma), Dukuh Kupang Barat 1 | D32: {=_xlfn.XLOOKUP(G32,DATABASE!$A$2:$A$809,DATABASE!$C$2:$C$809)} -> SAMSAT ONLINE | E32: TELKOM VPN IP | F32: EKSISTING | G32: 4700020-28893 | H32: 202512 | I32: 256 Kbps | L32: 172.200.15.1 /24 | M32: 42156 | O32: 0.15924 | Q32: =(O32*24*3600*30/8)/100000 -> 0.5159376 | R32: =(P32*24*3600*30/8)/100000 -> 0 | S32: 0 | T32: =(V32-S32)/V32*100% -> 1 | U32: 0.99 | V32: 2678400 | W32: =MAX(0, (((S32 - ((1 - VALUE(U32)) * V32)) / V32) * AE32)) -> 0 | X32: 0.00 | Y32: 1950000 | AE32: =SUM(Y32:AD32) -> 1950000 | AF32: =IFERROR(AE32+W32,0) -> 1950000
A33: =A32+1 -> 28 | B33: UTAMA | C33: {=_xlfn.XLOOKUP(G33,DATABASE!$A$2:$A$806,DATABASE!$B$2:$B$806)} -> UPTB 1 Tambakrejo. Jl.Tambak Rejo 5/1 Surabaya | D33: {=_xlfn.XLOOKUP(G33,DATABASE!$A$2:$A$809,DATABASE!$C$2:$C$809)} -> UPTB | E33: TELKOM VPN IP | F33: EKSISTING | G33: 1113954367 | H33: 202512 | I33: 512 Kbps | L33: 196.168.107.193 /29 | M33: 11/25/2019 | O33: 0.33927 | Q33: =(O33*24*3600*30/8)/100000 -> 1.0992348 | R33: =(P33*24*3600*30/8)/100000 -> 0 | S33: 0 | T33: =(V33-S33)/V33*100% -> 1 | U33: 0.99 | V33: 2678400 | W33: =MAX(0, (((S33 - ((1 - VALUE(U33)) * V33)) / V33) * AE33)) -> 0 | X33: 0.00 | Y33: 2319819 | AE33: =SUM(Y33:AD33) -> 2319819 | AF33: =IFERROR(AE33+W33,0) -> 2319819
A34: =A33+1 -> 29 | B34: UTAMA | C34: {=_xlfn.XLOOKUP(G34,DATABASE!$A$2:$A$806,DATABASE!$B$2:$B$806)} -> UPTB 4 Dukuh Kupang, Dukuh Kupang 1/25 Surabaya | D34: {=_xlfn.XLOOKUP(G34,DATABASE!$A$2:$A$809,DATABASE!$C$2:$C$809)} -> UPTB | E34: TELKOM VPN IP | F34: EKSISTING | G34: 1155255333 | H34: 202512 | I34: 512 Kbps | L34: 196.168.107.169 /29 | M34: 43864 | O34: 0.51197 | Q34: =(O34*24*3600*30/8)/100000 -> 1.6587828 | R34: =(P34*24*3600*30/8)/100000 -> 0 | S34: 0 | T34: =(V34-S34)/V34*100% -> 1 | U34: 0.99 | V34: 2678400 | W34: =MAX(0, (((S34 - ((1 - VALUE(U34)) * V34)) / V34) * AE34)) -> 0 | X34: 0.00 | Y34: 2319819 | AE34: =SUM(Y34:AD34) -> 2319819 | AF34: =IFERROR(AE34+W34,0) -> 2319819
A35: =A34+1 -> 30 | B35: UTAMA | C35: {=_xlfn.XLOOKUP(G35,DATABASE!$A$2:$A$806,DATABASE!$B$2:$B$806)} -> UPTB 5 Manyar , Sukadami 1 Surabaya | D35: {=_xlfn.XLOOKUP(G35,DATABASE!$A$2:$A$809,DATABASE!$C$2:$C$809)} -> UPTB | E35: TELKOM VPN IP | F35: EKSISTING | G35: 1148350816 | H35: 202512 | I35: 512 Kbps | L35: 196.168.107.161 /29 | M35: 1/27/2020 | O35: 0.35557 | Q35: =(O35*24*3600*30/8)/100000 -> 1.1520468 | R35: =(P35*24*3600*30/8)/100000 -> 0 | S35: 0 | T35: =(V35-S35)/V35*100% -> 1 | U35: 0.99 | V35: 2678400 | W35: =MAX(0, (((S35 - ((1 - VALUE(U35)) * V35)) / V35) * AE35)) -> 0 | X35: 0.00 | Y35: 2319819 | AE35: =SUM(Y35:AD35) -> 2319819 | AF35: =IFERROR(AE35+W35,0) -> 2319819
A36: =A35+1 -> 31 | B36: UTAMA | C36: {=_xlfn.XLOOKUP(G36,DATABASE!$A$2:$A$806,DATABASE!$B$2:$B$806)} -> UPTB 8 Rungkut Asri , Rungkut Asri Timur XVIII/2 Surabaya | D36: {=_xlfn.XLOOKUP(G36,DATABASE!$A$2:$A$809,DATABASE!$C$2:$C$809)} -> UPTB | E36: TELKOM VPN IP | F36: EKSISTING | G36: 1151434694 | H36: 202512 | I36: 512 Kbps | L36: 196.168.107.153 /29 | M36: 43864 | O36: 0.33537 | Q36: =(O36*24*3600*30/8)/100000 -> 1.0865988 | R36: =(P36*24*3600*30/8)/100000 -> 0 | S36: 0 | T36: =(V36-S36)/V36*100% -> 1 | U36: 0.99 | V36: 2678400 | W36: =MAX(0, (((S36 - ((1 - VALUE(U36)) * V36)) / V36) * AE36)) -> 0 | X36: 0.00 | Y36: 2319819 | AE36: =SUM(Y36:AD36) -> 2319819 | AF36: =IFERROR(AE36+W36,0) -> 2319819
A37: =A36+1 -> 32 | B37: UTAMA | C37: {=_xlfn.XLOOKUP(G37,DATABASE!$A$2:$A$806,DATABASE!$B$2:$B$806)} -> Capem Tambakrejo, Jl.Kapas Krampung 69 Tambakrejo | D37: {=_xlfn.XLOOKUP(G37,DATABASE!$A$2:$A$809,DATABASE!$C$2:$C$809)} -> CAPEM | E37: TELKOM VPN IP | F37: EKSISTING | G37: 4700020-06007 | H37: 202512 | I37: 1 Mbps | L37: 192.168.152.170 /30 | M37: 42156 | O37: 22.23 | Q37: =(O37*24*3600*30/8)/100000 -> 72.0252 | R37: =(P37*24*3600*30/8)/100000 -> 0 | S37: 0 | T37: =(V37-S37)/V37*100% -> 1 | U37: 0.99 | V37: 2678400 | W37: =MAX(0, (((S37 - ((1 - VALUE(U37)) * V37)) / V37) * AE37)) -> 0 | X37: 0.00 | Y37: 2792792 | AE37: =SUM(Y37:AD37) -> 2792792 | AF37: =IFERROR(AE37+W37,0) -> 2792792
A38: =A37+1 -> 33 | B38: UTAMA | C38: {=_xlfn.XLOOKUP(G38,DATABASE!$A$2:$A$806,DATABASE!$B$2:$B$806)} -> ATM RSAL, Jl.Gadung 1 Surabaya | D38: {=_xlfn.XLOOKUP(G38,DATABASE!$A$2:$A$809,DATABASE!$C$2:$C$809)} -> ATM | E38: TELKOM VPN IP | F38: EKSISTING | G38: 4700020-07944 | H38: 202512 | I38: 128 Kbps | L38: 196.168.107.73 /29 | M38: 43286 | O38: 10.66 | Q38: =(O38*24*3600*30/8)/100000 -> 34.5384 | R38: =(P38*24*3600*30/8)/100000 -> 0 | S38: 0 | T38: =(V38-S38)/V38*100% -> 1 | U38: 0.99 | V38: 2678400 | W38: =MAX(0, (((S38 - ((1 - VALUE(U38)) * V38)) / V38) * AE38)) -> 0 | X38: 0.00 | Y38: 1300000 | AE38: =SUM(Y38:AD38) -> 1300000 | AF38: =IFERROR(AE38+W38,0) -> 1300000
A39: =A38+1 -> 34 | B39: UTAMA | C39: {=_xlfn.XLOOKUP(G39,DATABASE!$A$2:$A$806,DATABASE!$B$2:$B$806)} -> Payment Point RS Soewandi Jl. Tambakrejo No. 45-47 | D39: {=_xlfn.XLOOKUP(G39,DATABASE!$A$2:$A$809,DATABASE!$C$2:$C$809)} -> PAYMENT POINT | E39: TELKOM VPN IP | F39: EKSISTING | G39: 4700020-0020374118 | H39: 202512 | I39: 512 Kbps | L39: 196.168.168.65 /29 | M39: 4/24/2021 | O39: 0.21863 | Q39: =(O39*24*3600*30/8)/100000 -> 0.7083612 | R39: =(P39*24*3600*30/8)/100000 -> 0 | S39: 0 | T39: =(V39-S39)/V39*100% -> 1 | U39: 0.99 | V39: 2678400 | W39: =MAX(0, (((S39 - ((1 - VALUE(U39)) * V39)) / V39) * AE39)) -> 0 | X39: 0.00 | Y39: 2319819 | AE39: =SUM(Y39:AD39) -> 2319819 | AF39: =IFERROR(AE39+W39,0) -> 2319819
A40: =A39+1 -> 35 | B40: UTAMA | C40: {=_xlfn.XLOOKUP(G40,DATABASE!$A$2:$A$806,DATABASE!$B$2:$B$806)} -> Host To Host Sistem Administrasi Manunggal Satu Atap MANYAR, Dipenda, Manyar Kertoarjo | D40: {=_xlfn.XLOOKUP(G40,DATABASE!$A$2:$A$809,DATABASE!$C$2:$C$809)} -> H2H | E40: TELKOM VPN IP | F40: EKSISTING | G40: 4700020-13201 | H40: 202512 | I40: 1 Mbps | L40: 192.168.153.194 /30 | M40: 42186 | O40: 3.76 | Q40: =(O40*24*3600*30/8)/100000 -> 12.1824 | R40: =(P40*24*3600*30/8)/100000 -> 0 | S40: 0 | T40: =(V40-S40)/V40*100% -> 1 | U40: 0.99 | V40: 2678400 | W40: =MAX(0, (((S40 - ((1 - VALUE(U40)) * V40)) / V40) * AE40)) -> 0 | X40: 0.00 | Y40: 2792792 | AE40: =SUM(Y40:AD40) -> 2792792 | AF40: =IFERROR(AE40+W40,0) -> 2792792
A41: =A40+1 -> 36 | B41: UTAMA | C41: {=_xlfn.XLOOKUP(G41,DATABASE!$A$2:$A$806,DATABASE!$B$2:$B$806)} -> Host To Host & Anjungan Tunai Mandiri UWK, Dukuh Kupang Barat 1 | D41: {=_xlfn.XLOOKUP(G41,DATABASE!$A$2:$A$809,DATABASE!$C$2:$C$809)} -> H2H | E41: TELKOM VPN IP | F41: EKSISTING | G41: 4700020-08485 | H41: 202512 | I41: 512 Kbps | L41: 172.27.20.17 /30 | M41: 42278 | O41: 5.95 | Q41: =(O41*24*3600*30/8)/100000 -> 19.278 | R41: =(P41*24*3600*30/8)/100000 -> 0 | S41: 0 | T41: =(V41-S41)/V41*100% -> 1 | U41: 0.99 | V41: 2678400 | W41: =MAX(0, (((S41 - ((1 - VALUE(U41)) * V41)) / V41) * AE41)) -> 0 | X41: 0.00 | Y41: 2319819 | AE41: =SUM(Y41:AD41) -> 2319819 | AF41: =IFERROR(AE41+W41,0) -> 2319819
A42: =A41+1 -> 37 | B42: UTAMA | C42: {=_xlfn.XLOOKUP(G42,DATABASE!$A$2:$A$806,DATABASE!$B$2:$B$806)} -> ATM SMKN I, Jl. SMEA no. 4 Wonokromo | D42: {=_xlfn.XLOOKUP(G42,DATABASE!$A$2:$A$809,DATABASE!$C$2:$C$809)} -> ATM | E42: TELKOM VPN IP | F42: EKSISTING | G42: 4700020-75902 | H42: 202512 | I42: 128 Kbps | L42: 196.168.119.97 /29 | M42: 6/25/2015 | O42: 35.04 | Q42: =(O42*24*3600*30/8)/100000 -> 113.5296 | R42: =(P42*24*3600*30/8)/100000 -> 0 | S42: 0 | T42: =(V42-S42)/V42*100% -> 1 | U42: 0.99 | V42: 2678400 | W42: =MAX(0, (((S42 - ((1 - VALUE(U42)) * V42)) / V42) * AE42)) -> 0 | X42: 0.00 | Y42: 1300000 | AE42: =SUM(Y42:AD42) -> 1300000 | AF42: =IFERROR(AE42+W42,0) -> 1300000
A43: =A42+1 -> 38 | B43: UTAMA | C43: {=_xlfn.XLOOKUP(G43,DATABASE!$A$2:$A$806,DATABASE!$B$2:$B$806)} -> Capem PJTKI Jl. Jagir Wonokromo, Disnaker | D43: {=_xlfn.XLOOKUP(G43,DATABASE!$A$2:$A$809,DATABASE!$C$2:$C$809)} -> CAPEM | E43: TELKOM VPN IP | F43: EKSISTING | G43: 4700020-0003622335 | H43: 202512 | I43: 1 Mbps | L43: 192.168.156.38 /30 | M43: 42044 | O43: 54.01 | Q43: =(O43*24*3600*30/8)/100000 -> 174.9924 | R43: =(P43*24*3600*30/8)/100000 -> 0 | S43: 0 | T43: =(V43-S43)/V43*100% -> 1 | U43: 0.99 | V43: 2678400 | W43: =MAX(0, (((S43 - ((1 - VALUE(U43)) * V43)) / V43) * AE43)) -> 0 | X43: 0.00 | Y43: 2792792 | AE43: =SUM(Y43:AD43) -> 2792792 | AF43: =IFERROR(AE43+W43,0) -> 2792792
A44: =A43+1 -> 39 | B44: UTAMA | C44: {=_xlfn.XLOOKUP(G44,DATABASE!$A$2:$A$806,DATABASE!$B$2:$B$806)} -> ATM Royal Plasa, JL. A. Yani 16 Surabaya | D44: {=_xlfn.XLOOKUP(G44,DATABASE!$A$2:$A$809,DATABASE!$C$2:$C$809)} -> ATM | E44: TELKOM VPN IP | F44: EKSISTING | G44: 4700020-0005897003 | H44: 202512 | I44: 128 Kbps | L44: 196.168.225.57 /30 | M44: 6/18/2015 | O44: 1.25055 | Q44: =(O44*24*3600*30/8)/100000 -> 4.051782 | R44: =(P44*24*3600*30/8)/100000 -> 0 | S44: 0 | T44: =(V44-S44)/V44*100% -> 1 | U44: 0.99 | V44: 2678400 | W44: =MAX(0, (((S44 - ((1 - VALUE(U44)) * V44)) / V44) * AE44)) -> 0 | X44: 0.00 | Y44: 1300000 | AE44: =SUM(Y44:AD44) -> 1300000 | AF44: =IFERROR(AE44+W44,0) -> 1300000
A45: =A44+1 -> 40 | B45: UTAMA | C45: {=_xlfn.XLOOKUP(G45,DATABASE!$A$2:$A$806,DATABASE!$B$2:$B$806)} -> ATM Toserba Plaza, Jl. Adtya Warman No 47 Surabaya | D45: {=_xlfn.XLOOKUP(G45,DATABASE!$A$2:$A$809,DATABASE!$C$2:$C$809)} -> ATM | E45: TELKOM VPN IP | F45: EKSISTING | G45: 4700020-0006179049 | H45: 202512 | I45: 128 Kbps | L45: 196.168.230.33 /29 | M45: 42158 | O45: 15.54 | Q45: =(O45*24*3600*30/8)/100000 -> 50.3496 | R45: =(P45*24*3600*30/8)/100000 -> 0 | S45: 0 | T45: =(V45-S45)/V45*100% -> 1 | U45: 0.99 | V45: 2678400 | W45: =MAX(0, (((S45 - ((1 - VALUE(U45)) * V45)) / V45) * AE45)) -> 0 | X45: 0.00 | Y45: 1300000 | AE45: =SUM(Y45:AD45) -> 1300000 | AF45: =IFERROR(AE45+W45,0) -> 1300000
A46: =A45+1 -> 41 | B46: UTAMA | C46: {=_xlfn.XLOOKUP(G46,DATABASE!$A$2:$A$806,DATABASE!$B$2:$B$806)} -> ATM DLLAJR Prov.Jatim Jl. A. Yani 268 Surabaya | D46: {=_xlfn.XLOOKUP(G46,DATABASE!$A$2:$A$809,DATABASE!$C$2:$C$809)} -> ATM | E46: TELKOM VPN IP | F46: EKSISTING | G46: 4700020-0006250753 | H46: 202512 | I46: 128 Kbps | L46: 196.168.230.201 /29 | M46: 6/20/2016 | O46: 34.48 | Q46: =(O46*24*3600*30/8)/100000 -> 111.7152 | R46: =(P46*24*3600*30/8)/100000 -> 0 | S46: 0 | T46: =(V46-S46)/V46*100% -> 1 | U46: 0.99 | V46: 2678400 | W46: =MAX(0, (((S46 - ((1 - VALUE(U46)) * V46)) / V46) * AE46)) -> 0 | X46: 0.00 | Y46: 1300000 | AE46: =SUM(Y46:AD46) -> 1300000 | AF46: =IFERROR(AE46+W46,0) -> 1300000
A47: =A46+1 -> 42 | B47: UTAMA | C47: {=_xlfn.XLOOKUP(G47,DATABASE!$A$2:$A$806,DATABASE!$B$2:$B$806)} -> ATM Kantor BKD Prov Jatim, Jl. Jemur Andayani No 1 Surabaya | D47: {=_xlfn.XLOOKUP(G47,DATABASE!$A$2:$A$809,DATABASE!$C$2:$C$809)} -> ATM | E47: TELKOM VPN IP | F47: EKSISTING | G47: 4700020-0006250833 | H47: 202512 | I47: 128 Kbps | L47: 196.168.230.185 /29 | M47: 7/23/2015 | O47: 6.89 | Q47: =(O47*24*3600*30/8)/100000 -> 22.3236 | R47: =(P47*24*3600*30/8)/100000 -> 0 | S47: 0 | T47: =(V47-S47)/V47*100% -> 1 | U47: 0.99 | V47: 2678400 | W47: =MAX(0, (((S47 - ((1 - VALUE(U47)) * V47)) / V47) * AE47)) -> 0 | X47: 0.00 | Y47: 1300000 | AE47: =SUM(Y47:AD47) -> 1300000 | AF47: =IFERROR(AE47+W47,0) -> 1300000
A48: =A47+1 -> 43 | B48: UTAMA | C48: {=_xlfn.XLOOKUP(G48,DATABASE!$A$2:$A$806,DATABASE!$B$2:$B$806)} -> Capem Karah Agung Jl.Karah Agung No.45 Surabaya | D48: {=_xlfn.XLOOKUP(G48,DATABASE!$A$2:$A$809,DATABASE!$C$2:$C$809)} -> CAPEM | E48: TELKOM VPN IP | F48: EKSISTING | G48: 4700020-0009493261 | H48: 202512 | I48: 1 Mbps | L48: 192.168.156.158 /30 | M48: 1/16/2015 | O48: 34.95 | Q48: =(O48*24*3600*30/8)/100000 -> 113.238 | R48: =(P48*24*3600*30/8)/100000 -> 0 | S48: 0 | T48: =(V48-S48)/V48*100% -> 1 | U48: 0.99 | V48: 2678400 | W48: =MAX(0, (((S48 - ((1 - VALUE(U48)) * V48)) / V48) * AE48)) -> 0 | X48: 0.00 | Y48: 2792792 | AE48: =SUM(Y48:AD48) -> 2792792 | AF48: =IFERROR(AE48+W48,0) -> 2792792
A49: =A48+1 -> 44 | B49: UTAMA | C49: {=_xlfn.XLOOKUP(G49,DATABASE!$A$2:$A$806,DATABASE!$B$2:$B$806)} -> Capem Royal Plaza, Jl. Ahmad Yani No. 16-18 Surabaya | D49: {=_xlfn.XLOOKUP(G49,DATABASE!$A$2:$A$809,DATABASE!$C$2:$C$809)} -> CAPEM | E49: TELKOM VPN IP | F49: EKSISTING | G49: 4700020-0014087710 | H49: 202512 | I49: 1 Mbps | L49: 192.168.156.138 /30 | M49: 1/21/2015 | O49: 29.05 | Q49: =(O49*24*3600*30/8)/100000 -> 94.122 | R49: =(P49*24*3600*30/8)/100000 -> 0 | S49: 0 | T49: =(V49-S49)/V49*100% -> 1 | U49: 0.99 | V49: 2678400 | W49: =MAX(0, (((S49 - ((1 - VALUE(U49)) * V49)) / V49) * AE49)) -> 0 | X49: 0.00 | Y49: 2792792 | AE49: =SUM(Y49:AD49) -> 2792792 | AF49: =IFERROR(AE49+W49,0) -> 2792792
A50: =A49+1 -> 45 | B50: UTAMA | C50: {=_xlfn.XLOOKUP(G50,DATABASE!$A$2:$A$806,DATABASE!$B$2:$B$806)} -> Capem Kalibutuh, Jl. Kalibutuh No. 75 Surabaya | D50: {=_xlfn.XLOOKUP(G50,DATABASE!$A$2:$A$809,DATABASE!$C$2:$C$809)} -> CAPEM | E50: TELKOM VPN IP | F50: EKSISTING | G50: 4700020-0013759634 | H50: 202512 | I50: 1 Mbps | L50: 192.168.156.146 /30 | M50: 1/20/2015 | O50: 18.3 | Q50: =(O50*24*3600*30/8)/100000 -> 59.292 | R50: =(P50*24*3600*30/8)/100000 -> 0 | S50: 0 | T50: =(V50-S50)/V50*100% -> 1 | U50: 0.99 | V50: 2678400 | W50: =MAX(0, (((S50 - ((1 - VALUE(U50)) * V50)) / V50) * AE50)) -> 0 | X50: 0.00 | Y50: 2792792 | AE50: =SUM(Y50:AD50) -> 2792792 | AF50: =IFERROR(AE50+W50,0) -> 2792792
A51: =A50+1 -> 46 | B51: UTAMA | C51: {=_xlfn.XLOOKUP(G51,DATABASE!$A$2:$A$806,DATABASE!$B$2:$B$806)} -> Capem Undaan,Jl. Raya Undaan Wetan 14, Kelurahan Ketabang, Kecamatan Genteng, Surabaya | D51: {=_xlfn.XLOOKUP(G51,DATABASE!$A$2:$A$809,DATABASE!$C$2:$C$809)} -> CAPEM | E51: TELKOM VPN IP | F51: EKSISTING | G51: 1262633554 | H51: 202512 | I51: 1 Mbps | L51: 192.168.156.142 /30 | M51: 4/22/2021 | O51: 20.75 | Q51: =(O51*24*3600*30/8)/100000 -> 67.23 | R51: =(P51*24*3600*30/8)/100000 -> 0 | S51: 15600 | T51: =(V51-S51)/V51*100% -> 0.99417563 | U51: 0.99 | V51: 2678400 | W51: =MAX(0, (((S51 - ((1 - VALUE(U51)) * V51)) / V51) * AE51)) -> 0 | X51: 0.00 | Y51: 2792792 | AE51: =SUM(Y51:AD51) -> 2792792 | AF51: =IFERROR(AE51+W51,0) -> 2792792
A52: =A51+1 -> 47 | B52: UTAMA | C52: {=_xlfn.XLOOKUP(G52,DATABASE!$A$2:$A$806,DATABASE!$B$2:$B$806)} -> ATM Kebun Binatang, Jl Setail No 1. Surabaya | D52: {=_xlfn.XLOOKUP(G52,DATABASE!$A$2:$A$809,DATABASE!$C$2:$C$809)} -> ATM | E52: TELKOM VPN IP | F52: EKSISTING | G52: 4700020-0021087609 | H52: 202512 | I52: 128 Kbps | L52: 196.168.254.17 /29 | M52: 5/27/2021 | O52: 1.59993 | Q52: =(O52*24*3600*30/8)/100000 -> 5.1837732 | R52: =(P52*24*3600*30/8)/100000 -> 0 | S52: 0 | T52: =(V52-S52)/V52*100% -> 1 | U52: 0.99 | V52: 2678400 | W52: =MAX(0, (((S52 - ((1 - VALUE(U52)) * V52)) / V52) * AE52)) -> 0 | X52: 0.00 | Y52: 1300000 | AE52: =SUM(Y52:AD52) -> 1300000 | AF52: =IFERROR(AE52+W52,0) -> 1300000
A53: =A52+1 -> 48 | B53: UTAMA | C53: {=_xlfn.XLOOKUP(G53,DATABASE!$A$2:$A$806,DATABASE!$B$2:$B$806)} -> SPP Online UWK, Jl. Dukuh Kupang XXV/54, Surabaya | D53: {=_xlfn.XLOOKUP(G53,DATABASE!$A$2:$A$809,DATABASE!$C$2:$C$809)} -> SPP ONLINE | E53: TELKOM VPN IP | F53: EKSISTING | G53: 1148375304 | H53: 202512 | I53: 512 Kbps | L53: 192.168.151.146 /30 | M53: 1/29/2020 | O53: 17.55 | Q53: =(O53*24*3600*30/8)/100000 -> 56.862 | R53: =(P53*24*3600*30/8)/100000 -> 0 | S53: 0 | T53: =(V53-S53)/V53*100% -> 1 | U53: 0.99 | V53: 2678400 | W53: =MAX(0, (((S53 - ((1 - VALUE(U53)) * V53)) / V53) * AE53)) -> 0 | X53: 0.00 | Y53: 2319819 | AE53: =SUM(Y53:AD53) -> 2319819 | AF53: =IFERROR(AE53+W53,0) -> 2319819 | AH53: NON MIKROTIK
A54: =A53+1 -> 49 | B54: UTAMA | C54: {=_xlfn.XLOOKUP(G54,DATABASE!$A$2:$A$806,DATABASE!$B$2:$B$806)} -> ATM PLZ SURABAYA Jl. Pemuda 33-37, SurabayaATM PLZ SURABAYA Jl. Pemuda 33-37, Surabaya | D54: {=_xlfn.XLOOKUP(G54,DATABASE!$A$2:$A$809,DATABASE!$C$2:$C$809)} -> ATM | E54: TELKOM VPN IP | F54: EKSISTING | G54: 4700020-0021352733 | H54: 202512 | I54: 128 Kbps | L54: 196.168.102.49 /29 | M54: 42125 | O54: 1.14912 | Q54: =(O54*24*3600*30/8)/100000 -> 3.7231488 | R54: =(P54*24*3600*30/8)/100000 -> 0 | S54: 0 | T54: =(V54-S54)/V54*100% -> 1 | U54: 0.99 | V54: 2678400 | W54: =MAX(0, (((S54 - ((1 - VALUE(U54)) * V54)) / V54) * AE54)) -> 0 | X54: 0.00 | Y54: 1300000 | AE54: =SUM(Y54:AD54) -> 1300000 | AF54: =IFERROR(AE54+W54,0) -> 1300000
A55: =A54+1 -> 50 | B55: UTAMA | C55: {=_xlfn.XLOOKUP(G55,DATABASE!$A$2:$A$806,DATABASE!$B$2:$B$806)} -> ATM RSI, Jl. Jemursari 51-57, Surabaya | D55: {=_xlfn.XLOOKUP(G55,DATABASE!$A$2:$A$809,DATABASE!$C$2:$C$809)} -> ATM | E55: TELKOM VPN IP | F55: EKSISTING | G55: 4700020-0022494995 | H55: 202512 | I55: 128 Kbps | L55: 196.168.110.33 /29 | M55: 4/24/2021 | O55: 1.01572 | Q55: =(O55*24*3600*30/8)/100000 -> 3.2909328 | R55: =(P55*24*3600*30/8)/100000 -> 0 | S55: 0 | T55: =(V55-S55)/V55*100% -> 1 | U55: 0.99 | V55: 2678400 | W55: =MAX(0, (((S55 - ((1 - VALUE(U55)) * V55)) / V55) * AE55)) -> 0 | X55: 0.00 | Y55: 1300000 | AE55: =SUM(Y55:AD55) -> 1300000 | AF55: =IFERROR(AE55+W55,0) -> 1300000
A56: =A55+1 -> 51 | B56: UTAMA | C56: {=_xlfn.XLOOKUP(G56,DATABASE!$A$2:$A$806,DATABASE!$B$2:$B$806)} -> ATM RS Mata Kebonsari, Jl. Gayung Kebonsari Timur 49 Surabaya | D56: {=_xlfn.XLOOKUP(G56,DATABASE!$A$2:$A$809,DATABASE!$C$2:$C$809)} -> ATM | E56: TELKOM VPN IP | F56: EKSISTING | G56: 4700020-0027886278 | H56: 202512 | I56: 128 Kbps | L56: 196.168.113.225 /29 | M56: 12/21/2015 | O56: 1.22163 | Q56: =(O56*24*3600*30/8)/100000 -> 3.9580812 | R56: =(P56*24*3600*30/8)/100000 -> 0 | S56: 0 | T56: =(V56-S56)/V56*100% -> 1 | U56: 0.99 | V56: 2678400 | W56: =MAX(0, (((S56 - ((1 - VALUE(U56)) * V56)) / V56) * AE56)) -> 0 | X56: 0.00 | Y56: 1300000 | AE56: =SUM(Y56:AD56) -> 1300000 | AF56: =IFERROR(AE56+W56,0) -> 1300000
A57: =A56+1 -> 52 | B57: UTAMA | C57: {=_xlfn.XLOOKUP(G57,DATABASE!$A$2:$A$806,DATABASE!$B$2:$B$806)} -> ATM Basement Siola, Jl. Tunjungan No.1 Surabaya | D57: {=_xlfn.XLOOKUP(G57,DATABASE!$A$2:$A$809,DATABASE!$C$2:$C$809)} -> ATM | E57: TELKOM VPN IP | F57: EKSISTING | G57: 4700020-0028057305 | H57: 202512 | I57: 128 Kbps | L57: 196.168.113.249 /29 | M57: 42373 | O57: 7.27 | Q57: =(O57*24*3600*30/8)/100000 -> 23.5548 | R57: =(P57*24*3600*30/8)/100000 -> 0 | S57: 0 | T57: =(V57-S57)/V57*100% -> 1 | U57: 0.99 | V57: 2678400 | W57: =MAX(0, (((S57 - ((1 - VALUE(U57)) * V57)) / V57) * AE57)) -> 0 | X57: 0.00 | Y57: 1300000 | AE57: =SUM(Y57:AD57) -> 1300000 | AF57: =IFERROR(AE57+W57,0) -> 1300000
A58: =A57+1 -> 53 | B58: UTAMA | C58: {=_xlfn.XLOOKUP(G58,DATABASE!$A$2:$A$806,DATABASE!$B$2:$B$806)} -> Kantor Kas RSI Jemursari Jl.Ry Jemur Sari 81-87, Jemur Wonosari Surabaya | D58: {=_xlfn.XLOOKUP(G58,DATABASE!$A$2:$A$809,DATABASE!$C$2:$C$809)} -> KANTOR KAS | E58: TELKOM VPN IP | F58: EKSISTING | G58: 4700020-0031033820 | H58: 202512 | I58: 512 Kbps | L58: 196.168.116.33 /29 | M58: 4/24/2021 | O58: 4.23 | Q58: =(O58*24*3600*30/8)/100000 -> 13.7052 | R58: =(P58*24*3600*30/8)/100000 -> 0 | S58: 0 | T58: =(V58-S58)/V58*100% -> 1 | U58: 0.99 | V58: 2678400 | W58: =MAX(0, (((S58 - ((1 - VALUE(U58)) * V58)) / V58) * AE58)) -> 0 | X58: 0.00 | Y58: 2319819 | AE58: =SUM(Y58:AD58) -> 2319819 | AF58: =IFERROR(AE58+W58,0) -> 2319819
A59: =A58+1 -> 54 | B59: UTAMA | C59: {=_xlfn.XLOOKUP(G59,DATABASE!$A$2:$A$806,DATABASE!$B$2:$B$806)} -> Payment Point Din Tenaga Kerja&Transmigrasi Jl. Bendul Merisi 2 Surabaya | D59: {=_xlfn.XLOOKUP(G59,DATABASE!$A$2:$A$809,DATABASE!$C$2:$C$809)} -> PAYMENT POINT | E59: TELKOM VPN IP | F59: EKSISTING | G59: 4700020-0031183204 | H59: 202512 | I59: 512 Kbps | L59: 196.168.116.97 /29 | M59: 12/19/2017 | O59: 0.23465 | Q59: =(O59*24*3600*30/8)/100000 -> 0.760266 | R59: =(P59*24*3600*30/8)/100000 -> 0 | S59: 0 | T59: =(V59-S59)/V59*100% -> 1 | U59: 0.99 | V59: 2678400 | W59: =MAX(0, (((S59 - ((1 - VALUE(U59)) * V59)) / V59) * AE59)) -> 0 | X59: 0.00 | Y59: 2319819 | AE59: =SUM(Y59:AD59) -> 2319819 | AF59: =IFERROR(AE59+W59,0) -> 2319819
A60: =A59+1 -> 55 | B60: UTAMA | C60: {=_xlfn.XLOOKUP(G60,DATABASE!$A$2:$A$806,DATABASE!$B$2:$B$806)} -> Payment Point Sistem Administrasi Manunggal Satu Atap Barat Suko Manunggal, JL.Ry Tandes Lor 1 Tanjungsari Suko Manunggal Surabaya | D60: {=_xlfn.XLOOKUP(G60,DATABASE!$A$2:$A$809,DATABASE!$C$2:$C$809)} -> PAYMENT POINT | E60: TELKOM VPN IP | F60: EKSISTING | G60: 4700020-0031460046 | H60: 202512 | I60: 512 Kbps | L60: 196.168.116.161 /29 | M60: 43200 | O60: 0.75851 | Q60: =(O60*24*3600*30/8)/100000 -> 2.4575724 | R60: =(P60*24*3600*30/8)/100000 -> 0 | S60: 0 | T60: =(V60-S60)/V60*100% -> 1 | U60: 0.99 | V60: 2678400 | W60: =MAX(0, (((S60 - ((1 - VALUE(U60)) * V60)) / V60) * AE60)) -> 0 | X60: 0.00 | Y60: 2319819 | AE60: =SUM(Y60:AD60) -> 2319819 | AF60: =IFERROR(AE60+W60,0) -> 2319819
A61: =A60+1 -> 56 | B61: UTAMA | C61: {=_xlfn.XLOOKUP(G61,DATABASE!$A$2:$A$806,DATABASE!$B$2:$B$806)} -> Payment Point Sistem Administrasi Manunggal Satu Atap Jl.Jetis Seraten Ketintang Gayungan Sby | D61: {=_xlfn.XLOOKUP(G61,DATABASE!$A$2:$A$809,DATABASE!$C$2:$C$809)} -> PAYMENT POINT | E61: TELKOM VPN IP | F61: EKSISTING | G61: 4700020-0031576114 | H61: 202512 | I61: 512 Kbps | L61: 196.168.116.177 /29 | M61: 5/24/2018 | O61: 1.0131 | Q61: =(O61*24*3600*30/8)/100000 -> 3.282444 | R61: =(P61*24*3600*30/8)/100000 -> 0 | S61: 0 | T61: =(V61-S61)/V61*100% -> 1 | U61: 0.99 | V61: 2678400 | W61: =MAX(0, (((S61 - ((1 - VALUE(U61)) * V61)) / V61) * AE61)) -> 0 | X61: 0.00 | Y61: 2319819 | AE61: =SUM(Y61:AD61) -> 2319819 | AF61: =IFERROR(AE61+W61,0) -> 2319819
A62: =A61+1 -> 57 | B62: UTAMA | C62: {=_xlfn.XLOOKUP(G62,DATABASE!$A$2:$A$806,DATABASE!$B$2:$B$806)} -> Capem Darmo, Raya Darmo 35 | D62: {=_xlfn.XLOOKUP(G62,DATABASE!$A$2:$A$809,DATABASE!$C$2:$C$809)} -> CAPEM | E62: TELKOM VPN IP | F62: EKSISTING | G62: 4700020-65150 | H62: 202512 | I62: 1 Mbps | L62: 192.168.152.166 /30 | M62: 6/16/2015 | O62: 18.21 | Q62: =(O62*24*3600*30/8)/100000 -> 59.0004 | R62: =(P62*24*3600*30/8)/100000 -> 0 | S62: 0 | T62: =(V62-S62)/V62*100% -> 1 | U62: 0.99 | V62: 2678400 | W62: =MAX(0, (((S62 - ((1 - VALUE(U62)) * V62)) / V62) * AE62)) -> 0 | X62: 0.00 | Y62: 2792792 | AE62: =SUM(Y62:AD62) -> 2792792 | AF62: =IFERROR(AE62+W62,0) -> 2792792
A63: =A62+1 -> 58 | B63: UTAMA | C63: {=_xlfn.XLOOKUP(G63,DATABASE!$A$2:$A$806,DATABASE!$B$2:$B$806)} -> Capem UWK JL. Dukuh Kupang Barat I No. 31, Surabaya | D63: {=_xlfn.XLOOKUP(G63,DATABASE!$A$2:$A$809,DATABASE!$C$2:$C$809)} -> CAPEM | E63: TELKOM VPN IP | F63: EKSISTING | G63: 1115276795 | H63: 202512 | I63: 1 Mbps | L63: 192.168.153.10 /30 | M63: 43836 | O63: 29.22 | Q63: =(O63*24*3600*30/8)/100000 -> 94.6728 | R63: =(P63*24*3600*30/8)/100000 -> 0 | S63: 0 | T63: =(V63-S63)/V63*100% -> 1 | U63: 0.99 | V63: 2678400 | W63: =MAX(0, (((S63 - ((1 - VALUE(U63)) * V63)) / V63) * AE63)) -> 0 | X63: 0.00 | Y63: 2792792 | AE63: =SUM(Y63:AD63) -> 2792792 | AF63: =IFERROR(AE63+W63,0) -> 2792792
A64: =A63+1 -> 59 | B64: UTAMA | C64: {=_xlfn.XLOOKUP(G64,DATABASE!$A$2:$A$806,DATABASE!$B$2:$B$806)} -> Capem Injoko | D64: {=_xlfn.XLOOKUP(G64,DATABASE!$A$2:$A$809,DATABASE!$C$2:$C$809)} -> CAPEM | E64: TELKOM VPN IP | F64: EKSISTING | G64: 4700020-65934 | H64: 202512 | I64: 1 Mbps | L64: 192.168.156.34 /30 | M64: 6/20/2015 | O64: 16.32 | Q64: =(O64*24*3600*30/8)/100000 -> 52.8768 | R64: =(P64*24*3600*30/8)/100000 -> 0 | S64: 0 | T64: =(V64-S64)/V64*100% -> 1 | U64: 0.99 | V64: 2678400 | W64: =MAX(0, (((S64 - ((1 - VALUE(U64)) * V64)) / V64) * AE64)) -> 0 | X64: 0.00 | Y64: 2792792 | AE64: =SUM(Y64:AD64) -> 2792792 | AF64: =IFERROR(AE64+W64,0) -> 2792792
A65: =A64+1 -> 60 | B65: UTAMA | C65: {=_xlfn.XLOOKUP(G65,DATABASE!$A$2:$A$806,DATABASE!$B$2:$B$806)} -> Internet u/ Digital Lounge B.Jatim TP6 Lt3 , Jl.Basuki Rahmat 107 Surabaya | D65: {=_xlfn.XLOOKUP(G65,DATABASE!$A$2:$A$809,DATABASE!$C$2:$C$809)} -> CAPEM | E65: TELKOM VPN IP | F65: EKSISTING | G65: 943385061 | H65: 202512 | I65: 1 Mbps | L65: 192.168.150.82 /30 | M65: 10/24/2019 | O65: 6.15 | Q65: =(O65*24*3600*30/8)/100000 -> 19.926 | R65: =(P65*24*3600*30/8)/100000 -> 0 | S65: 0 | T65: =(V65-S65)/V65*100% -> 1 | U65: 0.99 | V65: 2678400 | W65: =MAX(0, (((S65 - ((1 - VALUE(U65)) * V65)) / V65) * AE65)) -> 0 | X65: 0.00 | Y65: 2792792 | AE65: =SUM(Y65:AD65) -> 2792792 | AF65: =IFERROR(AE65+W65,0) -> 2792792
A66: =A65+1 -> 61 | B66: UTAMA | C66: {=_xlfn.XLOOKUP(G66,DATABASE!$A$2:$A$806,DATABASE!$B$2:$B$806)} -> ATM Jatim Expo Jl A Yani,Surabaya | D66: {=_xlfn.XLOOKUP(G66,DATABASE!$A$2:$A$809,DATABASE!$C$2:$C$809)} -> ATM | E66: TELKOM VPN IP | F66: EKSISTING | G66: 1261256999 | H66: 202512 | I66: 128 Kbps | L66: 196.168.121.81 /29 | M66: 3/23/2021 | O66: 9.73083 | Q66: =(O66*24*3600*30/8)/100000 -> 31.527889 | R66: =(P66*24*3600*30/8)/100000 -> 0 | S66: 0 | T66: =(V66-S66)/V66*100% -> 1 | U66: 0.99 | V66: 2678400 | W66: =MAX(0, (((S66 - ((1 - VALUE(U66)) * V66)) / V66) * AE66)) -> 0 | X66: 0.00 | Y66: 1300000 | AE66: =SUM(Y66:AD66) -> 1300000 | AF66: =IFERROR(AE66+W66,0) -> 1300000
A67: =A66+1 -> 62 | B67: UTAMA | C67: {=_xlfn.XLOOKUP(G67,DATABASE!$A$2:$A$806,DATABASE!$B$2:$B$806)} -> ATM BG Junction Sby, BG Junction Level 1 – A17 Bubutan, Surabaya | D67: {=_xlfn.XLOOKUP(G67,DATABASE!$A$2:$A$809,DATABASE!$C$2:$C$809)} -> ATM | E67: TELKOM VPN IP | F67: EKSISTING | G67: 1709769390 | H67: 202512 | I67: 128 Kbps | L67: 196.168.230.17 /29 | M67: 44938 | O67: 6.54 | Q67: =(O67*24*3600*30/8)/100000 -> 21.1896 | R67: =(P67*24*3600*30/8)/100000 -> 0 | S67: 0 | T67: =(V67-S67)/V67*100% -> 1 | U67: 0.99 | V67: 2678400 | W67: =MAX(0, (((S67 - ((1 - VALUE(U67)) * V67)) / V67) * AE67)) -> 0 | X67: 0.00 | Y67: 1300000 | AE67: =SUM(Y67:AD67) -> 1300000 | AF67: =IFERROR(AE67+W67,0) -> 1300000
A68: =A67+1 -> 63 | B68: UTAMA | C68: {=_xlfn.XLOOKUP(G68,DATABASE!$A$2:$A$806,DATABASE!$B$2:$B$806)} -> Kantor Kas Terminal Bungurasih, Let Jendral S Parman, Sidoarjo | D68: {=_xlfn.XLOOKUP(G68,DATABASE!$A$2:$A$809,DATABASE!$C$2:$C$809)} -> KANTOR KAS | E68: TELKOM VPN IP | F68: EKSISTING | G68: 1713913258 | H68: 202512 | I68: 512 Kbps | L68: 196.168.100.145 /28 | M68: 10/19/2024 | O68: 7.37 | Q68: =(O68*24*3600*30/8)/100000 -> 23.8788 | R68: =(P68*24*3600*30/8)/100000 -> 0 | S68: 0 | T68: =(V68-S68)/V68*100% -> 1 | U68: 0.99 | V68: 2678400 | W68: =MAX(0, (((S68 - ((1 - VALUE(U68)) * V68)) / V68) * AE68)) -> 0 | X68: 0.00 | Y68: 2319819 | AE68: =SUM(Y68:AD68) -> 2319819 | AF68: =IFERROR(AE68+W68,0) -> 2319819
A69: =A68+1 -> 64 | B69: UTAMA | C69: {=_xlfn.XLOOKUP(G69,DATABASE!$A$2:$A$806,DATABASE!$B$2:$B$806)} -> Payment Point UPTSA Surabaya Timur, Raya Menur No.31C, Surabaya | D69: {=_xlfn.XLOOKUP(G69,DATABASE!$A$2:$A$809,DATABASE!$C$2:$C$809)} -> PAYMENT POINT | E69: TELKOM VPN IP | F69: EKSISTING | G69: 1761429731 | H69: 202512 | I69: 512 Kbps | L69: 172.26.0.57 /29 | M69: 45117 | O69: 0.32534 | Q69: =(O69*24*3600*30/8)/100000 -> 1.0541016 | R69: =(P69*24*3600*30/8)/100000 -> 0 | S69: 0 | T69: =(V69-S69)/V69*100% -> 1 | U69: 0.99 | V69: 2678400 | W69: =MAX(0, (((S69 - ((1 - VALUE(U69)) * V69)) / V69) * AE69)) -> 0 | X69: 0.00 | Y69: 2319819 | AE69: =SUM(Y69:AD69) -> 2319819 | AF69: =IFERROR(AE69+W69,0) -> 2319819
A70: =A69+1 -> 65 | B70: UTAMA | C70: {=_xlfn.XLOOKUP(G70,DATABASE!$A$2:$A$806,DATABASE!$B$2:$B$806)} -> Payment Point BKP PEMKOT SBY, Jimerto 25 - 27 Surabaya | D70: {=_xlfn.XLOOKUP(G70,DATABASE!$A$2:$A$809,DATABASE!$C$2:$C$809)} -> PAYMENT POINT | E70: TELKOM VPN IP | F70: EKSISTING | G70: 1761389108 | H70: 202512 | I70: 512 Kbps | L70: 172.26.0.65 /29 | M70: 45110 | O70: 0.33709 | Q70: =(O70*24*3600*30/8)/100000 -> 1.0921716 | R70: =(P70*24*3600*30/8)/100000 -> 0 | S70: 0 | T70: =(V70-S70)/V70*100% -> 1 | U70: 0.99 | V70: 2678400 | W70: =MAX(0, (((S70 - ((1 - VALUE(U70)) * V70)) / V70) * AE70)) -> 0 | X70: 0.00 | Y70: 2319819 | AE70: =SUM(Y70:AD70) -> 2319819 | AF70: =IFERROR(AE70+W70,0) -> 2319819
A71: =A70+1 -> 66 | B71: UTAMA | C71: {=_xlfn.XLOOKUP(G71,DATABASE!$A$2:$A$806,DATABASE!$B$2:$B$806)} -> CRM Yayasan Khadijah Jl. Ahmad Yani No. 2-4, Surabaya (Anjungan Tunai Mandiri Center) | D71: {=_xlfn.XLOOKUP(G71,DATABASE!$A$2:$A$809,DATABASE!$C$2:$C$809)} -> CRM | E71: TELKOM VPN IP | F71: EKSISTING | G71: 1916899203 | H71: 202512 | I71: 128 Kbps | L71: 172.26.0.105 /29 | M71: 45301 | O71: 0.85449 | Q71: =(O71*24*3600*30/8)/100000 -> 2.7685476 | R71: =(P71*24*3600*30/8)/100000 -> 0 | S71: 0 | T71: =(V71-S71)/V71*100% -> 1 | U71: 0.99 | V71: 2678400 | W71: =MAX(0, (((S71 - ((1 - VALUE(U71)) * V71)) / V71) * AE71)) -> 0 | X71: 0.00 | Y71: 1300000 | AE71: =SUM(Y71:AD71) -> 1300000 | AF71: =IFERROR(AE71+W71,0) -> 1300000
A72: =A71+1 -> 67 | B72: UTAMA | C72: {=_xlfn.XLOOKUP(G72,DATABASE!$A$2:$A$806,DATABASE!$B$2:$B$806)} -> Payment Point SPP Nambangan Surabaya, JL Nambangan No 1 Tanah Kali Kedinding, Surabaya | D72: {=_xlfn.XLOOKUP(G72,DATABASE!$A$2:$A$809,DATABASE!$C$2:$C$809)} -> PAYMENT POINT | E72: TELKOM VPN IP | F72: EKSISTING | G72: 2028280549 | H72: 202512 | I72: 512 Kbps | L72: 172.26.0.209 /29 | M72: 45537 | O72: 3.44 | Q72: =(O72*24*3600*30/8)/100000 -> 11.1456 | R72: =(P72*24*3600*30/8)/100000 -> 0 | S72: 0 | T72: =(V72-S72)/V72*100% -> 1 | U72: 0.99 | V72: 2678400 | W72: =MAX(0, (((S72 - ((1 - VALUE(U72)) * V72)) / V72) * AE72)) -> 0 | X72: 0.00 | Y72: 2319819 | AE72: =SUM(Y72:AD72) -> 2319819 | AF72: =IFERROR(AE72+W72,0) -> 2319819
A73: =A72+1 -> 68 | B73: UTAMA | C73: {=_xlfn.XLOOKUP(G73,DATABASE!$A$2:$A$806,DATABASE!$B$2:$B$806)} -> Kantor Fungsional RS Bhakti Dharma Husada Surabaya,JL Raya Kendung No 115-117 Surabaya | D73: {=_xlfn.XLOOKUP(G73,DATABASE!$A$2:$A$809,DATABASE!$C$2:$C$809)} -> KANTOR FUNGSIONAL | E73: TELKOM VPN IP | F73: EKSISTING | G73: 2030021918 | H73: 202512 | I73: 512 Kbps | L73: 172.26.0.233 /29 | M73: 45545 | O73: 9.18 | Q73: =(O73*24*3600*30/8)/100000 -> 29.7432 | R73: =(P73*24*3600*30/8)/100000 -> 0 | S73: 0 | T73: =(V73-S73)/V73*100% -> 1 | U73: 0.99 | V73: 2678400 | W73: =MAX(0, (((S73 - ((1 - VALUE(U73)) * V73)) / V73) * AE73)) -> 0 | X73: 0.00 | Y73: 2319819 | AE73: =SUM(Y73:AD73) -> 2319819 | AF73: =IFERROR(AE73+W73,0) -> 2319819
A74: =A73+1 -> 69 | B74: UTAMA | C74: {=_xlfn.XLOOKUP(G74,DATABASE!$A$2:$A$806,DATABASE!$B$2:$B$806)} -> Payment Point SPP Joyoboyo, GD TIJ LT3 JL Joyoboyo No 1 Sawugaling Kec Wonokromo Surabaya | D74: {=_xlfn.XLOOKUP(G74,DATABASE!$A$2:$A$809,DATABASE!$C$2:$C$809)} -> PAYMENT POINT | E74: TELKOM VPN IP | F74: EKSISTING | G74: 2030055106 | H74: 202512 | I74: 512 Kbps | L74: 172.26.0.201 /29 | M74: 42342 | O74: 2.0175 | Q74: =(O74*24*3600*30/8)/100000 -> 6.5367 | R74: =(P74*24*3600*30/8)/100000 -> 0 | S74: 0 | T74: =(V74-S74)/V74*100% -> 1 | U74: 0.99 | V74: 2678400 | W74: =MAX(0, (((S74 - ((1 - VALUE(U74)) * V74)) / V74) * AE74)) -> 0 | X74: 0.00 | Y74: 2319819 | AE74: =SUM(Y74:AD74) -> 2319819 | AF74: =IFERROR(AE74+W74,0) -> 2319819
A75: =A74+1 -> 70 | B75: UTAMA | C75: {=_xlfn.XLOOKUP(G75,DATABASE!$A$2:$A$806,DATABASE!$B$2:$B$806)} -> Payment Point S P P Pakal Surabaya, Taman Cahaya JL Raya Pakal Surabaya | D75: {=_xlfn.XLOOKUP(G75,DATABASE!$A$2:$A$809,DATABASE!$C$2:$C$809)} -> PAYMENT POINT | E75: TELKOM VPN IP | F75: EKSISTING | G75: 2045612475 | H75: 202512 | I75: 512 Kbps | L75: 172.26.0.217 /29 | M75: 9/25/2024 | O75: 1.76228 | Q75: =(O75*24*3600*30/8)/100000 -> 5.7097872 | R75: =(P75*24*3600*30/8)/100000 -> 0 | S75: 0 | T75: =(V75-S75)/V75*100% -> 1 | U75: 0.99 | V75: 2678400 | W75: =MAX(0, (((S75 - ((1 - VALUE(U75)) * V75)) / V75) * AE75)) -> 0 | X75: 0.00 | Y75: 2319819 | AE75: =SUM(Y75:AD75) -> 2319819 | AF75: =IFERROR(AE75+W75,0) -> 2319819
A76: =A75+1 -> 71 | B76: UTAMA | C76: {=_xlfn.XLOOKUP(G76,DATABASE!$A$2:$A$808,DATABASE!$B$2:$B$808)} -> UPTD 6 Surabaya, Jl. Raya Menganti 247 Surabaya | D76: {=_xlfn.XLOOKUP(G76,DATABASE!$A$2:$A$809,DATABASE!$C$2:$C$809)} -> UPTD | E76: TELKOM VPN IP | F76: EKSISTING | G76: 1155267840 | H76: 202512 | I76: 512 Kbps | L76: 196.168.107.233/29 | M76: 1/28/2020 | O76: 0.06018 | Q76: 0 | R76: 0 | S76: 7920 | T76: =(V76-S76)/V76*100% -> 0.99704301 | U76: 0.99 | V76: 2678400 | W76: =MAX(0, (((S76 - ((1 - VALUE(U76)) * V76)) / V76) * AE76)) -> 0 | X76: 0.00 | Y76: 2319819 | AE76: 2319819 | AF76: =IFERROR(AE76+W76,0) -> 2319819
A77: =A76+1 -> 72 | B77: BANYUWANGI | C77: {=_xlfn.XLOOKUP(G77,DATABASE!$A$2:$A$806,DATABASE!$B$2:$B$806)} -> Cabang Banyuwangi, Jl Basuki Rahmat Banyuwangi | D77: {=_xlfn.XLOOKUP(G77,DATABASE!$A$2:$A$809,DATABASE!$C$2:$C$809)} -> CABANG | E77: TELKOM VPN IP | F77: EKSISTING | G77: 4700020-65338 | H77: 202512 | I77: 2 Mbps | L77: 192.168.152.126 /30 | M77: 6/17/2015 | O77: 118.98 | S77: 0 | T77: =(V77-S77)/V77*100% -> 1 | U77: 0.99 | V77: 2678400 | W77: =MAX(0, (((S77 - ((1 - VALUE(U77)) * V77)) / V77) * AE77)) -> 0 | X77: 0.00 | Y77: 3671171 | AE77: =SUM(Y77:AD77) -> 3671171 | AF77: =IFERROR(AE77+W77,0) -> 3671171 | AG77: 54676113
A78: =A77+1 -> 73 | B78: BANYUWANGI | C78: {=_xlfn.XLOOKUP(G78,DATABASE!$A$2:$A$806,DATABASE!$B$2:$B$806)} -> Capem Gambiran Banyuwangi, Yos Sudarso 72, Banyuwangi | D78: {=_xlfn.XLOOKUP(G78,DATABASE!$A$2:$A$809,DATABASE!$C$2:$C$809)} -> CAPEM | E78: TELKOM VPN IP | F78: EKSISTING | G78: 4700020-14216 | H78: 202512 | I78: 1 Mbps | L78: 192.168.153.174 /30 | M78: 42156 | O78: 17.63 | Q78: =(O78*24*3600*30/8)/100000 -> 57.1212 | R78: =(P78*24*3600*30/8)/100000 -> 0 | S78: 0 | T78: =(V78-S78)/V78*100% -> 1 | U78: 0.99 | V78: 2678400 | W78: =MAX(0, (((S78 - ((1 - VALUE(U78)) * V78)) / V78) * AE78)) -> 0 | X78: 0.00 | Y78: 2792792 | AE78: =SUM(Y78:AD78) -> 2792792 | AF78: =IFERROR(AE78+W78,0) -> 2792792
A79: =A78+1 -> 74 | B79: BANYUWANGI | C79: {=_xlfn.XLOOKUP(G79,DATABASE!$A$2:$A$806,DATABASE!$B$2:$B$806)} -> Samsat Online Capem Glenmore, komp Ruko Karang Glenmor | D79: {=_xlfn.XLOOKUP(G79,DATABASE!$A$2:$A$809,DATABASE!$C$2:$C$809)} -> SAMSAT ONLINE | E79: TELKOM VPN IP | F79: EKSISTING | G79: 4700020-61436 | H79: 202512 | I79: 256 Kbps | L79: 172.200.76.1 /24 | M79: 2/16/4700 | O79: 0.13741 | Q79: =(O79*24*3600*30/8)/100000 -> 0.4452084 | R79: =(P79*24*3600*30/8)/100000 -> 0 | S79: 0 | T79: =(V79-S79)/V79*100% -> 1 | U79: 0.99 | V79: 2678400 | W79: =MAX(0, (((S79 - ((1 - VALUE(U79)) * V79)) / V79) * AE79)) -> 0 | X79: 0.00 | Y79: 1950000 | AE79: =SUM(Y79:AD79) -> 1950000 | AF79: =IFERROR(AE79+W79,0) -> 1950000
A80: =A79+1 -> 75 | B80: BANYUWANGI | C80: {=_xlfn.XLOOKUP(G80,DATABASE!$A$2:$A$806,DATABASE!$B$2:$B$806)} -> Capem Pesanggaran, Jl. Sukarjo | D80: {=_xlfn.XLOOKUP(G80,DATABASE!$A$2:$A$809,DATABASE!$C$2:$C$809)} -> CAPEM | E80: TELKOM VPN IP | F80: EKSISTING | G80: 4700020-0001612801 | H80: 202512 | I80: 1 Mbps | L80: 192.168.153.250 /30 | M80: 12/21/2015 | O80: 20.32 | Q80: =(O80*24*3600*30/8)/100000 -> 65.8368 | R80: =(P80*24*3600*30/8)/100000 -> 0 | S80: 0 | T80: =(V80-S80)/V80*100% -> 1 | U80: 0.99 | V80: 2678400 | W80: =MAX(0, (((S80 - ((1 - VALUE(U80)) * V80)) / V80) * AE80)) -> 0 | X80: 0.00 | Y80: 2792792 | AE80: =SUM(Y80:AD80) -> 2792792 | AF80: =IFERROR(AE80+W80,0) -> 2792792
A81: =A80+1 -> 76 | B81: BANYUWANGI | C81: {=_xlfn.XLOOKUP(G81,DATABASE!$A$2:$A$806,DATABASE!$B$2:$B$806)} -> Capem Glenmore Cab Banyuwangi , Jl. Untung Suropati No. 44 B, Glenmore, Banyuwangi | D81: {=_xlfn.XLOOKUP(G81,DATABASE!$A$2:$A$809,DATABASE!$C$2:$C$809)} -> CAPEM | E81: TELKOM VPN IP | F81: EKSISTING | G81: 4700020-0013914552 | H81: 202512 | I81: 1 Mbps | L81: 192.168.156.170 /30 | M81: 42251 | O81: 17.52 | Q81: =(O81*24*3600*30/8)/100000 -> 56.7648 | R81: =(P81*24*3600*30/8)/100000 -> 0 | S81: 2160 | T81: =(V81-S81)/V81*100% -> 0.99919355 | U81: 0.99 | V81: 2678400 | W81: =MAX(0, (((S81 - ((1 - VALUE(U81)) * V81)) / V81) * AE81)) -> 0 | X81: 0.00 | Y81: 2792792 | AE81: =SUM(Y81:AD81) -> 2792792 | AF81: =IFERROR(AE81+W81,0) -> 2792792
A82: =A81+1 -> 77 | B82: BANYUWANGI | C82: {=_xlfn.XLOOKUP(G82,DATABASE!$A$2:$A$806,DATABASE!$B$2:$B$806)} -> Capem Wongsorejo, Dusun Galekan, Desa Bajulmati | D82: {=_xlfn.XLOOKUP(G82,DATABASE!$A$2:$A$809,DATABASE!$C$2:$C$809)} -> CAPEM | E82: TELKOM VPN IP | F82: EKSISTING | G82: 4700020-0020128728 | H82: 202512 | I82: 1 Mbps | L82: 192.168.156.166 /30 | M82: 42288 | O82: 29.61 | Q82: =(O82*24*3600*30/8)/100000 -> 95.9364 | R82: =(P82*24*3600*30/8)/100000 -> 0 | S82: 0 | T82: =(V82-S82)/V82*100% -> 1 | U82: 0.99 | V82: 2678400 | W82: =MAX(0, (((S82 - ((1 - VALUE(U82)) * V82)) / V82) * AE82)) -> 0 | X82: 0.00 | Y82: 2792792 | AE82: =SUM(Y82:AD82) -> 2792792 | AF82: =IFERROR(AE82+W82,0) -> 2792792
A83: =A82+1 -> 78 | B83: BANYUWANGI | C83: {=_xlfn.XLOOKUP(G83,DATABASE!$A$2:$A$806,DATABASE!$B$2:$B$806)} -> Kantor Kas Gendoh Jl Raya Gendoh Sempu Banyuwangi | D83: {=_xlfn.XLOOKUP(G83,DATABASE!$A$2:$A$809,DATABASE!$C$2:$C$809)} -> KANTOR KAS | E83: TELKOM VPN IP | F83: EKSISTING | G83: 1212913292 | H83: 202512 | I83: 512 Kbps | L83: 196.168.252.33 /29 | M83: 7/16/2020 | O83: 48.32 | Q83: =(O83*24*3600*30/8)/100000 -> 156.5568 | R83: =(P83*24*3600*30/8)/100000 -> 0 | S83: 8820 | T83: =(V83-S83)/V83*100% -> 0.99670699 | U83: 0.99 | V83: 2678400 | W83: =MAX(0, (((S83 - ((1 - VALUE(U83)) * V83)) / V83) * AE83)) -> 0 | X83: 0.00 | Y83: 2319819 | AE83: =SUM(Y83:AD83) -> 2319819 | AF83: =IFERROR(AE83+W83,0) -> 2319819
A84: =A83+1 -> 79 | B84: BANYUWANGI | C84: {=_xlfn.XLOOKUP(G84,DATABASE!$A$2:$A$806,DATABASE!$B$2:$B$806)} -> Samsat Online Capem Pesanggaran, Jl Sukarjo Pesanggaran 51 BWI | D84: {=_xlfn.XLOOKUP(G84,DATABASE!$A$2:$A$809,DATABASE!$C$2:$C$809)} -> SAMSAT ONLINE | E84: TELKOM VPN IP | F84: EKSISTING | G84: 4700020-0021352469 | H84: 202512 | I84: 256 Kbps | L84: 172.20.76.1 /27 | M84: 42125 | O84: 2.47601 | Q84: =(O84*24*3600*30/8)/100000 -> 8.0222724 | R84: =(P84*24*3600*30/8)/100000 -> 0 | S84: 0 | T84: =(V84-S84)/V84*100% -> 1 | U84: 0.99 | V84: 2678400 | W84: =MAX(0, (((S84 - ((1 - VALUE(U84)) * V84)) / V84) * AE84)) -> 0 | X84: 0.00 | Y84: 1950000 | AE84: =SUM(Y84:AD84) -> 1950000 | AF84: =IFERROR(AE84+W84,0) -> 1950000
A85: =A84+1 -> 80 | B85: BANYUWANGI | C85: {=_xlfn.XLOOKUP(G85,DATABASE!$A$2:$A$806,DATABASE!$B$2:$B$806)} -> Payment Point Pelindo BWI, Jl. Raya Situbondo Ketapang Banyuwangi | D85: {=_xlfn.XLOOKUP(G85,DATABASE!$A$2:$A$809,DATABASE!$C$2:$C$809)} -> PAYMENT POINT | E85: TELKOM VPN IP | F85: EKSISTING | G85: 1218283235 | H85: 202512 | I85: 512 Kbps | L85: 196.168.109.145 /29 | M85: 9/14/2020 | O85: 5.51 | Q85: =(O85*24*3600*30/8)/100000 -> 17.8524 | R85: =(P85*24*3600*30/8)/100000 -> 0 | S85: 0 | T85: =(V85-S85)/V85*100% -> 1 | U85: 0.99 | V85: 2678400 | W85: =MAX(0, (((S85 - ((1 - VALUE(U85)) * V85)) / V85) * AE85)) -> 0 | X85: 0.00 | Y85: 2319819 | AE85: =SUM(Y85:AD85) -> 2319819 | AF85: =IFERROR(AE85+W85,0) -> 2319819
A86: =A85+1 -> 81 | B86: BANYUWANGI | C86: {=_xlfn.XLOOKUP(G86,DATABASE!$A$2:$A$806,DATABASE!$B$2:$B$806)} -> ATM BAPENDA Banyuwangi, Jl. Agung Suprapto No. 140 Mojopanggung Banyuwangi | D86: {=_xlfn.XLOOKUP(G86,DATABASE!$A$2:$A$809,DATABASE!$C$2:$C$809)} -> ATM | E86: TELKOM VPN IP | F86: EKSISTING | G86: 1109374780 | H86: 202512 | I86: 128 Kbps | L86: 196.168.109.153 /29 | M86: 11/14/2019 | O86: 0.05831 | Q86: =(O86*24*3600*30/8)/100000 -> 0.1889244 | R86: =(P86*24*3600*30/8)/100000 -> 0 | S86: 0 | T86: =(V86-S86)/V86*100% -> 1 | U86: 0.99 | V86: 2678400 | W86: =MAX(0, (((S86 - ((1 - VALUE(U86)) * V86)) / V86) * AE86)) -> 0 | X86: 0.00 | Y86: 1300000 | AE86: =SUM(Y86:AD86) -> 1300000 | AF86: =IFERROR(AE86+W86,0) -> 1300000
A87: =A86+1 -> 82 | B87: BANYUWANGI | C87: {=_xlfn.XLOOKUP(G87,DATABASE!$A$2:$A$806,DATABASE!$B$2:$B$806)} -> ATM Pemkab BWI, Jl. A. Yani No.100 Banyuwangi | D87: {=_xlfn.XLOOKUP(G87,DATABASE!$A$2:$A$809,DATABASE!$C$2:$C$809)} -> ATM | E87: TELKOM VPN IP | F87: EKSISTING | G87: 4700020-0028304368 | H87: 202512 | I87: 128 Kbps | L87: 196.168.114.9 /29 | M87: 1/19/2017 | O87: 0.05955 | Q87: =(O87*24*3600*30/8)/100000 -> 0.192942 | R87: =(P87*24*3600*30/8)/100000 -> 0 | S87: 0 | T87: =(V87-S87)/V87*100% -> 1 | U87: 0.99 | V87: 2678400 | W87: =MAX(0, (((S87 - ((1 - VALUE(U87)) * V87)) / V87) * AE87)) -> 0 | X87: 0.00 | Y87: 1300000 | AE87: =SUM(Y87:AD87) -> 1300000 | AF87: =IFERROR(AE87+W87,0) -> 1300000
A88: =A87+1 -> 83 | B88: BANYUWANGI | C88: {=_xlfn.XLOOKUP(G88,DATABASE!$A$2:$A$806,DATABASE!$B$2:$B$806)} -> Payment Point Pratama Bwi JL.Adi Sucipto 27A Tukang Kayu Bwi | D88: {=_xlfn.XLOOKUP(G88,DATABASE!$A$2:$A$809,DATABASE!$C$2:$C$809)} -> PAYMENT POINT | E88: TELKOM VPN IP | F88: EKSISTING | G88: 4700020-0030977501 | H88: 202512 | I88: 512 Kbps | L88: 196.168.114.241 /29 | M88: 7/18/2017 | O88: 1.99784 | Q88: =(O88*24*3600*30/8)/100000 -> 6.4730016 | R88: =(P88*24*3600*30/8)/100000 -> 0 | S88: 0 | T88: =(V88-S88)/V88*100% -> 1 | U88: 0.99 | V88: 2678400 | W88: =MAX(0, (((S88 - ((1 - VALUE(U88)) * V88)) / V88) * AE88)) -> 0 | X88: 0.00 | Y88: 2319819 | AE88: =SUM(Y88:AD88) -> 2319819 | AF88: =IFERROR(AE88+W88,0) -> 2319819
A89: =A88+1 -> 84 | B89: BANYUWANGI | C89: {=_xlfn.XLOOKUP(G89,DATABASE!$A$2:$A$806,DATABASE!$B$2:$B$806)} -> Capem Rogojampi JL.Raya Senti 187 Rogojampi | D89: {=_xlfn.XLOOKUP(G89,DATABASE!$A$2:$A$809,DATABASE!$C$2:$C$809)} -> CAPEM | E89: TELKOM VPN IP | F89: EKSISTING | G89: 4700020-0031141642 | H89: 202512 | I89: 1 Mbps | L89: 192.168.153.254 /30 | M89: 11/16/2017 | O89: 23.7 | Q89: =(O89*24*3600*30/8)/100000 -> 76.788 | R89: =(P89*24*3600*30/8)/100000 -> 0 | S89: 0 | T89: =(V89-S89)/V89*100% -> 1 | U89: 0.99 | V89: 2678400 | W89: =MAX(0, (((S89 - ((1 - VALUE(U89)) * V89)) / V89) * AE89)) -> 0 | X89: 0.00 | Y89: 2792792 | AE89: =SUM(Y89:AD89) -> 2792792 | AF89: =IFERROR(AE89+W89,0) -> 2792792
A90: =A89+1 -> 85 | B90: BANYUWANGI | C90: {=_xlfn.XLOOKUP(G90,DATABASE!$A$2:$A$806,DATABASE!$B$2:$B$806)} -> Samsat Online Genteng Banyuwangi Jl. Diponegoro 33 Banyuwangi | D90: {=_xlfn.XLOOKUP(G90,DATABASE!$A$2:$A$809,DATABASE!$C$2:$C$809)} -> SAMSAT ONLINE | E90: TELKOM VPN IP | F90: EKSISTING | G90: 4700020-0025323102 | H90: 202512 | I90: 256 Kbps | L90: 172.20.76.33 /248 | M90: 4/29/2017 | O90: 6.25825 | Q90: =(O90*24*3600*30/8)/100000 -> 20.27673 | R90: =(P90*24*3600*30/8)/100000 -> 0 | S90: 0 | T90: =(V90-S90)/V90*100% -> 1 | U90: 0.99 | V90: 2678400 | W90: =MAX(0, (((S90 - ((1 - VALUE(U90)) * V90)) / V90) * AE90)) -> 0 | X90: 0.00 | Y90: 1950000 | AE90: =SUM(Y90:AD90) -> 1950000 | AF90: =IFERROR(AE90+W90,0) -> 1950000
A91: =A90+1 -> 86 | B91: BANYUWANGI | C91: {=_xlfn.XLOOKUP(G91,DATABASE!$A$2:$A$806,DATABASE!$B$2:$B$806)} -> Kantor Kas Srono Jl.Raya Srono Banyuwangi | D91: {=_xlfn.XLOOKUP(G91,DATABASE!$A$2:$A$809,DATABASE!$C$2:$C$809)} -> KANTOR KAS | E91: TELKOM VPN IP | F91: EKSISTING | G91: 4700020-0031843590 | H91: 202512 | I91: 512 Kbps | L91: 196.168.252.41 /29 | M91: 43382 | O91: 39.86 | Q91: =(O91*24*3600*30/8)/100000 -> 129.1464 | R91: =(P91*24*3600*30/8)/100000 -> 0 | S91: 0 | T91: =(V91-S91)/V91*100% -> 1 | U91: 0.99 | V91: 2678400 | W91: =MAX(0, (((S91 - ((1 - VALUE(U91)) * V91)) / V91) * AE91)) -> 0 | X91: 0.00 | Y91: 2319819 | AE91: =SUM(Y91:AD91) -> 2319819 | AF91: =IFERROR(AE91+W91,0) -> 2319819
A92: =A91+1 -> 87 | B92: BANYUWANGI | C92: {=_xlfn.XLOOKUP(G92,DATABASE!$A$2:$A$806,DATABASE!$B$2:$B$806)} -> Payment Point Sistem Administrasi Manunggal Satu Atap Benculuk Jl.Jend Basuki Rahmat,Benculuk,BWI | D92: {=_xlfn.XLOOKUP(G92,DATABASE!$A$2:$A$809,DATABASE!$C$2:$C$809)} -> PAYMENT POINT | E92: TELKOM VPN IP | F92: EKSISTING | G92: 4700020-0032240130 | H92: 202512 | I92: 512 Kbps | L92: 196.168.118.41 /29 | M92: 43563 | O92: 1.79813 | Q92: =(O92*24*3600*30/8)/100000 -> 5.8259412 | R92: =(P92*24*3600*30/8)/100000 -> 0 | S92: 0 | T92: =(V92-S92)/V92*100% -> 1 | U92: 0.99 | V92: 2678400 | W92: =MAX(0, (((S92 - ((1 - VALUE(U92)) * V92)) / V92) * AE92)) -> 0 | X92: 0.00 | Y92: 2319819 | AE92: =SUM(Y92:AD92) -> 2319819 | AF92: =IFERROR(AE92+W92,0) -> 2319819
A93: =A92+1 -> 88 | B93: BANYUWANGI | C93: {=_xlfn.XLOOKUP(G93,DATABASE!$A$2:$A$806,DATABASE!$B$2:$B$806)} -> ATM Hotel Luminor Jl.Yos Sudaro 66, Klatak,Bwi | D93: {=_xlfn.XLOOKUP(G93,DATABASE!$A$2:$A$809,DATABASE!$C$2:$C$809)} -> ATM | E93: TELKOM VPN IP | F93: EKSISTING | G93: 4700020-0032510912 | H93: 202512 | I93: 128 Kbps | L93: 196.168.119.33 /29 | M93: 10/15/2019 | O93: 6.82 | Q93: =(O93*24*3600*30/8)/100000 -> 22.0968 | R93: =(P93*24*3600*30/8)/100000 -> 0 | S93: 0 | T93: =(V93-S93)/V93*100% -> 1 | U93: 0.99 | V93: 2678400 | W93: =MAX(0, (((S93 - ((1 - VALUE(U93)) * V93)) / V93) * AE93)) -> 0 | X93: 0.00 | Y93: 1300000 | AE93: =SUM(Y93:AD93) -> 1300000 | AF93: =IFERROR(AE93+W93,0) -> 1300000
A94: =A93+1 -> 89 | B94: BANYUWANGI | C94: {=_xlfn.XLOOKUP(G94,DATABASE!$A$2:$A$806,DATABASE!$B$2:$B$806)} -> Capem Genteng | D94: {=_xlfn.XLOOKUP(G94,DATABASE!$A$2:$A$809,DATABASE!$C$2:$C$809)} -> CAPEM | E94: TELKOM VPN IP | F94: EKSISTING | G94: 4700020-65126 | H94: 202512 | I94: 1 Mbps | L94: 192.168.153.150 /30 | M94: 42186 | O94: 24.25 | Q94: =(O94*24*3600*30/8)/100000 -> 78.57 | R94: =(P94*24*3600*30/8)/100000 -> 0 | S94: 0 | T94: =(V94-S94)/V94*100% -> 1 | U94: 0.99 | V94: 2678400 | W94: =MAX(0, (((S94 - ((1 - VALUE(U94)) * V94)) / V94) * AE94)) -> 0 | X94: 0.00 | Y94: 2792792 | AE94: =SUM(Y94:AD94) -> 2792792 | AF94: =IFERROR(AE94+W94,0) -> 2792792
A95: =A94+1 -> 90 | B95: BANYUWANGI | C95: {=_xlfn.XLOOKUP(G95,DATABASE!$A$2:$A$806,DATABASE!$B$2:$B$806)} -> Kantor Fungsional RSUD Blambangan, JL Letkol Istiqlal 49, Banyuwangi | D95: {=_xlfn.XLOOKUP(G95,DATABASE!$A$2:$A$809,DATABASE!$C$2:$C$809)} -> KANTOR FUNGSIONAL | E95: TELKOM VPN IP | F95: EKSISTING | G95: 1256741401 | H95: 202512 | I95: 512 Kbps | L95: 196.168.121.25 /29 | M95: 1/25/2021 | O95: 43.38 | Q95: =(O95*24*3600*30/8)/100000 -> 140.5512 | R95: =(P95*24*3600*30/8)/100000 -> 0 | S95: 0 | T95: =(V95-S95)/V95*100% -> 1 | U95: 0.99 | V95: 2678400 | W95: =MAX(0, (((S95 - ((1 - VALUE(U95)) * V95)) / V95) * AE95)) -> 0 | X95: 0.00 | Y95: 2319819 | AE95: =SUM(Y95:AD95) -> 2319819 | AF95: =IFERROR(AE95+W95,0) -> 2319819
A96: =A95+1 -> 91 | B96: BANYUWANGI | C96: {=_xlfn.XLOOKUP(G96,DATABASE!$A$2:$A$806,DATABASE!$B$2:$B$806)} -> Kantor Kas Pasar Jl. Diponegoro 2, Banyuwangi | D96: {=_xlfn.XLOOKUP(G96,DATABASE!$A$2:$A$809,DATABASE!$C$2:$C$809)} -> KANTOR KAS | E96: TELKOM VPN IP | F96: EKSISTING | G96: 1257103842 | H96: 202512 | I96: 512 Kbps | L96: 196.168.121.33 /29 | M96: 1/25/2021 | O96: 7.73 | Q96: =(O96*24*3600*30/8)/100000 -> 25.0452 | R96: =(P96*24*3600*30/8)/100000 -> 0 | S96: 0 | T96: =(V96-S96)/V96*100% -> 1 | U96: 0.99 | V96: 2678400 | W96: =MAX(0, (((S96 - ((1 - VALUE(U96)) * V96)) / V96) * AE96)) -> 0 | X96: 0.00 | Y96: 2319819 | AE96: =SUM(Y96:AD96) -> 2319819 | AF96: =IFERROR(AE96+W96,0) -> 2319819
A97: =A96+1 -> 92 | B97: BANYUWANGI | C97: {=_xlfn.XLOOKUP(G97,DATABASE!$A$2:$A$806,DATABASE!$B$2:$B$806)} -> Kantor Kas Kalibaru Dsn Tegal Pakis,Kalibaruwetan, Kec.Kalibaru, Kab.Banyuwangi, Jatim 68468 | D97: {=_xlfn.XLOOKUP(G97,DATABASE!$A$2:$A$809,DATABASE!$C$2:$C$809)} -> KANTOR KAS | E97: TELKOM VPN IP | F97: EKSISTING | G97: 1262497978 | H97: 202512 | I97: 512 Kbps | L97: 196.168.121.89 /29 | M97: 44754 | O97: 8.27 | Q97: =(O97*24*3600*30/8)/100000 -> 26.7948 | R97: =(P97*24*3600*30/8)/100000 -> 0 | S97: 0 | T97: =(V97-S97)/V97*100% -> 1 | U97: 0.99 | V97: 2678400 | W97: =MAX(0, (((S97 - ((1 - VALUE(U97)) * V97)) / V97) * AE97)) -> 0 | X97: 0.00 | Y97: 2319819 | AE97: =SUM(Y97:AD97) -> 2319819 | AF97: =IFERROR(AE97+W97,0) -> 2319819
A98: =A97+1 -> 93 | B98: BANYUWANGI | C98: {=_xlfn.XLOOKUP(G98,DATABASE!$A$2:$A$806,DATABASE!$B$2:$B$806)} -> Kantor Fungsional Purwoharjo Banyuwangi,Raya Grajagan 05 Banyuwangi | D98: {=_xlfn.XLOOKUP(G98,DATABASE!$A$2:$A$809,DATABASE!$C$2:$C$809)} -> KANTOR FUNGSIONAL | E98: TELKOM VPN IP | F98: EKSISTING | G98: 1720691635 | H98: 202512 | I98: 512 Kbps | L98: 196.168.122.185 /29 | M98: 44874 | O98: 6.29 | Q98: =(O98*24*3600*30/8)/100000 -> 20.3796 | R98: =(P98*24*3600*30/8)/100000 -> 0 | S98: 0 | T98: =(V98-S98)/V98*100% -> 1 | U98: 0.99 | V98: 2678400 | W98: =MAX(0, (((S98 - ((1 - VALUE(U98)) * V98)) / V98) * AE98)) -> 0 | X98: 0.00 | Y98: 2319819 | AE98: =SUM(Y98:AD98) -> 2319819 | AF98: =IFERROR(AE98+W98,0) -> 2319819
A99: =A98+1 -> 94 | B99: BANYUWANGI | C99: {=_xlfn.XLOOKUP(G99,DATABASE!$A$2:$A$806,DATABASE!$B$2:$B$806)} -> CRM Bandara Blimbingsari Banyuwangi, Jl. Pantai Blimbingsari, Kec. Blimbingsari, Kab. Banyuwangi, Jawa Timur, 68642 | D99: {=_xlfn.XLOOKUP(G99,DATABASE!$A$2:$A$809,DATABASE!$C$2:$C$809)} -> CRM | E99: TELKOM VPN IP | F99: EKSISTING | G99: 1924413149 | H99: 202512 | I99: 128 Kbps | L99: 172.26.0.113 /29 | M99: 1/24/2024 | O99: 0.77857 | Q99: =(O99*24*3600*30/8)/100000 -> 2.5225668 | R99: =(P99*24*3600*30/8)/100000 -> 0 | S99: 0 | T99: =(V99-S99)/V99*100% -> 1 | U99: 0.99 | V99: 2678400 | W99: =MAX(0, (((S99 - ((1 - VALUE(U99)) * V99)) / V99) * AE99)) -> 0 | X99: 0.00 | Y99: 1300000 | AE99: =SUM(Y99:AD99) -> 1300000 | AF99: =IFERROR(AE99+W99,0) -> 1300000
A100: =A99+1 -> 95 | B100: BANYUWANGI | C100: {=_xlfn.XLOOKUP(G100,DATABASE!$A$2:$A$806,DATABASE!$B$2:$B$806)} -> Kantor Fungsional Songgon Banyuwangi,JL ahmad Yani, DS Songgon RT 01 RW 02 Banyuwangi | D100: {=_xlfn.XLOOKUP(G100,DATABASE!$A$2:$A$809,DATABASE!$C$2:$C$809)} -> KANTOR FUNGSIONAL | E100: TELKOM VPN IP | F100: EKSISTING | G100: 2074868289 | H100: 202512 | I100: 512 Kbps | L100: 172.26.0.241 /29 | M100: 11/18/2024 | O100: 8.78 | Q100: =(O100*24*3600*30/8)/100000 -> 28.4472 | R100: =(P100*24*3600*30/8)/100000 -> 0 | S100: 0 | T100: =(V100-S100)/V100*100% -> 1 | U100: 0.99 | V100: 2678400 | W100: =MAX(0, (((S100 - ((1 - VALUE(U100)) * V100)) / V100) * AE100)) -> 0 | X100: 0.00 | Y100: 2319819 | AE100: =SUM(Y100:AD100) -> 2319819 | AF100: =IFERROR(AE100+W100,0) -> 2319819
A101: =A100+1 -> 96 | B101: JEMBER | C101: {=_xlfn.XLOOKUP(G101,DATABASE!$A$2:$A$806,DATABASE!$B$2:$B$806)} -> Cabang Jember | D101: {=_xlfn.XLOOKUP(G101,DATABASE!$A$2:$A$809,DATABASE!$C$2:$C$809)} -> CABANG | E101: TELKOM VPN IP | F101: EKSISTING | G101: 4700020-65139 | H101: 202512 | I101: 2 Mbps | L101: 192.168.152.62 /30 | M101: 6/16/2016 | O101: 139.74 | Q101: =(O101*24*3600*30/8)/100000 -> 452.7576 | R101: =(P101*24*3600*30/8)/100000 -> 0 | S101: 0 | T101: =(V101-S101)/V101*100% -> 1 | U101: 0.99 | V101: 2678400 | W101: =MAX(0, (((S101 - ((1 - VALUE(U101)) * V101)) / V101) * AE101)) -> 0 | X101: 0.00 | Y101: 3671171 | AE101: =SUM(Y101:AD101) -> 3671171 | AF101: =IFERROR(AE101+W101,0) -> 3671171 | AG101: 71105389
...

Sheet Summary JAN26
B2: INVOICE PERIODE JANUARI 2026
B4: *TELKOM - MONTHLY DATA SUMMARY
B6: KATEGORI | C6: TOTAL TITIK | D6: TOTAL NILAI
B7: A. LAYANAN EKSISTING
B8: Total Layanan Eksisting | C8: =COUNTIF('JAN26'!F5:F796, "*EKSISTING*") -> 779 | D8: =SUM('JAN26'!Y5:Y796) -> 1840755777
B9: B. LAYANAN BARU (PSB)
B10: Total Layanan Baru (PSB) | C10: =COUNTIF('JAN26'!F5:F796, "*PASANG BARU*") -> 2 | D10: =SUM('JAN26'!AC5:AC793) -> 1981982
B11: C. LAYANAN RELOKASI
B12: Total Layanan Relokasi | C12: =COUNTIF('JAN26'!F5:F793, "*RELOKASI*") -> 5 | D12: =SUM('JAN26'!AD5:AD793) -> 0
B13: D. LAYANAN UPGRADE
B14: Total Layanan Upgrade | C14: =COUNTIF('JAN26'!F5:F793, "*UPGRADE*") -> 0 | D14: =SUM('JAN26'!Z5:Z793) -> 0
B15: E. LAYANAN DOWNGRADE
B16: Total Layanan Downgrade | C16: =COUNTIF('JAN26'!F5:F793, "*DOWNGRADE*") -> 0 | D16: =SUM('JAN26'!AA5:AA793) -> 0
B17: F. CABUT/ PEMUTUSAN JARINGAN
B18: Total Cabut/ Pemutusan Jaringan | C18: =COUNTIF('JAN26'!F5:F793, "*PEMUTUSAN*") -> 5 | D18: =SUM('JAN26'!AB5:AB793) -> 5822339
B19: Total Nilai Tagihan | C19: =SUM(C8:C18) -> 791 | D19: =SUM(D8:D18) -> 1848560098
B20: G. Total Titik Lokasi SLA Yang Terpenuhi | D20: =SUMPRODUCT(--(IFERROR(ROUND(VALUE(TRIM('JAN26'!$T$5:$T$797)), 4), 0) >= 0.99)) -> 788
B21: H. Total Titik Lokasi SLA Yang Tidak Terpenuhi | D21: =COUNTIF('JAN26'!T5:T797, "<99%") -> 3
B22: I. Total Nilai Restitusi SLA Yang Tidak Terpenuhi | D22: -183108
B23: J.Total Nilai Restitusi Tagihan | D23: =SUM('JAN26'!X5:X795) -> 0
B24: Total Nilai Tagihan Setelah Restitusi | D24: =D19+D22+D23 -> 1848376990
B25: PPN | D25: =D24*0.11 -> 2.0332147e+08
B26: Grand Total Nilai Tagihan | D26: =SUM(D24:D25) -> 2051698459

Sheet Data Invois Jan26 (791)
C1: TAGIHAN PERIODE JANUARI 2026
B2: • TELKOM - MONTHLY RECURRING CHARGES
A3: NO. | B3: JENIS KANTOR | C3: ALAMAT | D3: KATEGORI LOKASI | E3: LAYANAN | F3: TYPE ORDER | G3: ID | H3: PERIOD | I3: Bandwidth | L3: IP Host Telkom | M3: TANGGAL AKTIVASI | N3: TANGGAL MULAI AKTIF LAYANAN (UPGRADE/DOWNGRADE) | O3: PEMAKAIAN AVERAGE (Kbps) | Q3: TRAFFIK TOTAL (Kbps) | S3: DURASI DOWNTIME | T3: SLA | V3: AVAILABILITY (Jam/bulan) | W3: RESTITUSI (Rp) | Y3: HARGA (Rp) | AE3: TOTAL | AF3: HARGA SETELAH RESTITUSI | AG3: SUB TOTAL PER CABANG | AH3: MIKROTIK/NONMIKROTIK | AI3: KETERANGAN | AJ3: ID | AK3: BANDWIDTH INV vs BANDWIDTH NOJAR | AO3: HARGA INV vs HARGA Adendum II | AR3: SLA
G4: SID JAN 2026 | I4: Eksisting BW | J4: Upgrade BW | K4: Downgrade BW | O4: Eksisting | P4: Upgrade | Q4: Eksisting | R4: Upgrade | S4: (Jam) | T4: SLA ACTUAL | U4: SLA PKS | W4: Restitusi Over SLA | X4: Restitusi Tagihan | Y4: Eksisting | Z4: Upgrade (Prorate) | AA4: Downgrade (Prorate) | AB4: Cabut (Prorate) | AC4: PSB (Prorate) | AD4: Relokasi | AE4: TOTAL | AF4: HARGA SETELAH RESTITUSI | AG4: SUB TOTAL PER CABANG | AH4: MIKROTIK/NONMIKROTIK | AI4: KETERANGAN | AJ4: SID JAN | AK4: Eksisting BW | AL4: Upgrade BW | AM4: BW Nojar | AN4: Compare BW | AO4: Harga ADD II | AP4: Hasil Compare Harga | AQ4: KER HARGA | AR4: Hari | AS4: Jam | AT4: Menit | AU4: KET
A5: A | B5: B | C5: C | D5: D | E5: E | F5: F | G5: G | H5: H | I5: I | J5: J | K5: K | L5: L | M5: M | N5: N | O5: O | P5: P | Q5: Q | R5: R | S5: S | T5: T | U5: U | V5: V | W5: W | X5: X | Y5: Y | Z5: Z | AA5: AA | AB5: AB | AC5: AC | AD5: AD | AE5: AE | AF5: AE | AG5: AG | AH5: AH | AI5: AI | AJ5: G | AK5: I | AL5: J | AM5: BW | AN5: Compare | AO5: Harga | AP5: Compare | AQ5: KER HARGA | AR5: Hari | AS5: Jam | AT5: Menit | AU5: COMPARE
A6: 1 | B6: KANTOR PUSAT | C6: {=_xlfn.XLOOKUP(G6,DATABASE!$A$2:$A$806,DATABASE!$B$2:$B$806)} -> Bank Jatim Internet Kantor Pusat; Jl.Basuki Rahmat No. 98-104, Surabaya ( Astinet ) | D6: {=_xlfn.XLOOKUP(G6,DATABASE!$A$2:$A$808,DATABASE!$C$2:$C$808)} -> INTERNET KANTOR PUSAT | E6: TELKOM ASTINET | F6: EKSISTING | G6: 4700020-38090 | H6: 202512 | I6: 100 Mbps | L6: 10.10.30.1 /30 (222.124.169.177 /29) | M6: 7/26/2017 | N6: 46022 | O6: 12390.4 | Q6: =(O6*24*3600*30/8)/100000 -> 40144.896 | R6: =(P6*24*3600*30/8)/100000 -> 0 | S6: 0 | T6: =(V6-S6)/V6 -> 1 | U6: 0.99 | V6: 720 | W6: =IF(T6<99%,((S6-V6)/720)*Y6,0) -> 0 | X6: 0.00 | Y6: 20412151 | AE6: =SUM(Y6:AD6) -> 20412151 | AF6: =IFERROR(AE6+W6,0) -> 20412151 | AG6: 107313280 | AI6: Upgrade Bandwidth Temporer kegiatan akhir tahun 2025, Tidak merubah abonemen | AJ6: 4700020-38090 | AK6: 100 Mbps | AM6: =VLOOKUP(AJ6,'[1]Master Jaringan Des 2025(792)'!$D$2:$E$795,2,0) -> #REF! | AN6: =AM6=AK6 -> #REF! | AO6: 20412151 | AP6: =AO6=Y6 -> TRUE | AR6: =IFERROR(VLOOKUP(AX5,'[2]Availability Des25'!$C$5:$G$18,5,0),0) -> 0 | AS6: =IFERROR(VLOOKUP(AX5,'[2]Availability Des25'!$C$5:$H$18,6,0),0) -> 0 | AT6: =IFERROR(VLOOKUP(AX5,'[2]Availability Des25'!$C$5:$I$18,7,0),0) -> 0
A7: =A6+1 -> 2 | B7: KANTOR PUSAT | C7: {=_xlfn.XLOOKUP(G7,DATABASE!$A$2:$A$808,DATABASE!$B$2:$B$808)} -> Bank Jatim Backhaul VPN IP Kantor Pusat; Jl. Basuki Rahmat No 98-104 Surabaya | D7: {=_xlfn.XLOOKUP(G7,DATABASE!$A$2:$A$808,DATABASE!$C$2:$C$808)} -> WAN KANTOR PUSAT | E7: TELKOM VPN IP | F7: EKSISTING | G7: 4700020-10498 | H7: 202512 | I7: 100 Mbps | L7: 192.168.152.2 /30 | M7: 43199 | N7: 46022 | O7: 48363.52 | Q7: =(O7*24*3600*30/8)/100000 -> 156697.8 | R7: =(P7*24*3600*30/8)/100000 -> 0 | S7: 0 | T7: =(V7-S7)/V7*100% -> 1 | U7: 0.99 | V7: 720 | W7: =IF(T7<99%,((S7-V7)/720)*Y7,0) -> 0 | X7: 0.00 | Y7: 20776000 | AE7: =SUM(Y7:AD7) -> 20776000 | AF7: =IFERROR(AE7+W7,0) -> 20776000 | AI7: Upgrade Bandwidth Temporer kegiatan akhir tahun 2025, Tidak merubah abonemen | AJ7: 4700020-10498 | AK7: 100 Mbps | AM7: =VLOOKUP(AJ7,'[1]Master Jaringan Des 2025(792)'!$D$2:$E$795,2,0) -> #REF! | AN7: =AM7=AK7 -> #REF! | AO7: 20776000 | AP7: =AO7=Y7 -> TRUE | AR7: =IFERROR(VLOOKUP(AX6,'[2]Availability Des25'!$C$5:$G$18,5,0),0) -> 0 | AS7: =IFERROR(VLOOKUP(AX6,'[2]Availability Des25'!$C$5:$H$18,6,0),0) -> 0 | AT7: =IFERROR(VLOOKUP(AX6,'[2]Availability Des25'!$C$5:$I$18,7,0),0) -> 0
A8: =A7+1 -> 3 | B8: KANTOR PUSAT | C8: {=_xlfn.XLOOKUP(G8,DATABASE!$A$2:$A$806,DATABASE!$B$2:$B$806)} -> Bank Jatim Neucentrix Gubeng, Jl.Sumatera No.131 Lt 3 Kec Gubeng , Surabaya | D8: {=_xlfn.XLOOKUP(G8,DATABASE!$A$2:$A$808,DATABASE!$C$2:$C$808)} -> COLOCATION | E8: TELKOM NEUCENTRIX | F8: PASANG BARU | G8: 2095151855/2095149600 | H8: 202512 | I8: 20 Mbps | L8: 36.64.131.241/29 | M8: 46003 | N8: 46003 | O8: 234.11 | Q8: =(O8*24*3600*30/8)/100000 -> 758.5164 | R8: =(P8*24*3600*30/8)/100000 -> 0 | S8: 0 | T8: =(V8-S8)/V8*100% -> 1 | U8: 0.99 | V8: 720 | W8: =IF(T8<99%,((S8-V8)/720)*Y8,0) -> 0 | X8: 0.00 | Y8: 1377297 | AC8: 0 | AE8: =SUM(Y8:AD8) -> 1377297 | AF8: =IFERROR(AE8+W8,0) -> 1377297 | AI8: MIGRASI KE LAYANAN BARU dengan PASANG BARU DES 2025 | AJ8: 4700020-0003122034 | AK8: 256 Kbps | AM8: =VLOOKUP(AJ8,'[1]Master Jaringan Des 2025(792)'!$D$2:$E$795,2,0) -> #REF! | AN8: =AM8=AK8 -> #REF! | AO8: 2295495 | AP8: =AO8=Y8 -> FALSE | AR8: =IFERROR(VLOOKUP(AX7,'[2]Availability Des25'!$C$5:$G$18,5,0),0) -> 0 | AS8: =IFERROR(VLOOKUP(AX7,'[2]Availability Des25'!$C$5:$H$18,6,0),0) -> 0 | AT8: =IFERROR(VLOOKUP(AX7,'[2]Availability Des25'!$C$5:$I$18,7,0),0) -> 0
A9: =A8+1 -> 4 | B9: KANTOR PUSAT | C9: {=_xlfn.XLOOKUP(G9,DATABASE!$A$2:$A$809,DATABASE!$B$2:$B$809)} -> Bank Jatim u/ PT ACS, JL. Soekarno Hatta 269,Bandung (SMS Banking Primary) | D9: {=_xlfn.XLOOKUP(G9,DATABASE!$A$2:$A$809,DATABASE!$C$2:$C$809)} -> H2H | E9: TELKOM VPN IP | F9: PEMUTUSAN | G9: 4700020-0004645351 | H9: 202512 | I9: 512 Kbps | L9: 192.168.151.150 /30 | M9: 3/14/2015 | O9: 5.95 | Q9: =(O9*24*3600*30/8)/100000 -> 19.278 | R9: =(P9*24*3600*30/8)/100000 -> 0 | S9: 0 | T9: =(V9-S9)/V9*100% -> 1 | U9: 0.99 | V9: 720 | W9: =IF(T9<99%,((S9-V9)/720)*Y9,0) -> 0 | X9: 0.00 | Y9: 0 | AB9: 1391891 | AE9: =SUM(Y9:AD9) -> 1391891 | AF9: =IFERROR(AE9+W9,0) -> 1391891 | AI9: PEMUTUSAN 18 DES 2025 | AJ9: 4700020-0004645351 | AK9: 512 Kbps | AM9: =VLOOKUP(AJ9,'[1]Master Jaringan Des 2025(792)'!$D$2:$E$795,2,0) -> #REF! | AN9: =AM9=AK9 -> #REF! | AO9: 2319819 | AP9: =AO9=Y9 -> FALSE | AR9: =IFERROR(VLOOKUP(AX8,'[2]Availability Des25'!$C$5:$G$18,5,0),0) -> 0 | AS9: =IFERROR(VLOOKUP(AX8,'[2]Availability Des25'!$C$5:$H$18,6,0),0) -> 0 | AT9: =IFERROR(VLOOKUP(AX8,'[2]Availability Des25'!$C$5:$I$18,7,0),0) -> 0
A10: =A9+1 -> 5 | B10: KANTOR PUSAT | C10: {=_xlfn.XLOOKUP(G10,DATABASE!$A$2:$A$806,DATABASE!$B$2:$B$806)} -> Bank Jatim u/ Host To Host Finnet ; Jl Kapt.Subijanto Graha Telkom Sigma Lt. 3 BSD Lekong - Serpong | D10: {=_xlfn.XLOOKUP(G10,DATABASE!$A$2:$A$809,DATABASE!$C$2:$C$809)} -> H2H | E10: TELKOM VPN IP | F10: EKSISTING | G10: 4700020-92381 | H10: 202512 | I10: 512 Kbps | L10: 10.2.254.73 /30 | M10: 42278 | O10: 1.72108 | Q10: =(O10*24*3600*30/8)/100000 -> 5.5762992 | R10: =(P10*24*3600*30/8)/100000 -> 0 | S10: 0 | T10: =(V10-S10)/V10*100% -> 1 | U10: 0.99 | V10: 720 | W10: =IF(T10<99%,((S10-V10)/720)*Y10,0) -> 0 | X10: 0.00 | Y10: 2319819 | AE10: =SUM(Y10:AD10) -> 2319819 | AF10: =IFERROR(AE10+W10,0) -> 2319819 | AJ10: 4700020-92381 | AK10: 512 Kbps | AM10: =VLOOKUP(AJ10,'[1]Master Jaringan Des 2025(792)'!$D$2:$E$795,2,0) -> #REF! | AN10: =AM10=AK10 -> #REF! | AO10: 2319819 | AP10: =AO10=Y10 -> TRUE | AR10: =IFERROR(VLOOKUP(AX9,'[2]Availability Des25'!$C$5:$G$18,5,0),0) -> 0 | AS10: =IFERROR(VLOOKUP(AX9,'[2]Availability Des25'!$C$5:$H$18,6,0),0) -> 0 | AT10: =IFERROR(VLOOKUP(AX9,'[2]Availability Des25'!$C$5:$I$18,7,0),0) -> 0
A11: =A10+1 -> 6 | B11: KANTOR PUSAT | C11: {=_xlfn.XLOOKUP(G11,DATABASE!$A$2:$A$806,DATABASE!$B$2:$B$806)} -> Bank Jatim u/ Host To Host MPN G2 KEMENKEU; Graha Telkom Sigma Lt 3 BSD Tangerang | D11: {=_xlfn.XLOOKUP(G11,DATABASE!$A$2:$A$809,DATABASE!$C$2:$C$809)} -> H2H | E11: TELKOM VPN IP | F11: EKSISTING | G11: 4700020-0020988266 | H11: 202512 | I11: 512 Kbps | L11: 172.31.187.161 /30 | M11: 42099 | O11: 15.3 | Q11: =(O11*24*3600*30/8)/100000 -> 49.572 | R11: =(P11*24*3600*30/8)/100000 -> 0 | S11: 0 | T11: =(V11-S11)/V11*100% -> 1 | U11: 0.99 | V11: 720 | W11: =IF(T11<99%,((S11-V11)/720)*Y11,0) -> 0 | X11: 0.00 | Y11: 2319819 | AE11: =SUM(Y11:AD11) -> 2319819 | AF11: =IFERROR(AE11+W11,0) -> 2319819 | AJ11: 4700020-0020988266 | AK11: 512 Kbps | AM11: =VLOOKUP(AJ11,'[1]Master Jaringan Des 2025(792)'!$D$2:$E$795,2,0) -> #REF! | AN11: =AM11=AK11 -> #REF! | AO11: 2319819 | AP11: =AO11=Y11 -> TRUE | AR11: =IFERROR(VLOOKUP(AX10,'[2]Availability Des25'!$C$5:$G$18,5,0),0) -> 0 | AS11: =IFERROR(VLOOKUP(AX10,'[2]Availability Des25'!$C$5:$H$18,6,0),0) -> 0 | AT11: =IFERROR(VLOOKUP(AX10,'[2]Availability Des25'!$C$5:$I$18,7,0),0) -> 0
A12: =A11+1 -> 7 | B12: KANTOR PUSAT | C12: {=_xlfn.XLOOKUP(G12,DATABASE!$A$2:$A$806,DATABASE!$B$2:$B$806)} -> Bank Jatim u/ Bandwith Pelaporan Aplikasi BI-RTGS/SSSS/ETP, Bank Indonesia - RTGS; Telkom Sigma Lakarsantri IVC Surabaya | D12: {=_xlfn.XLOOKUP(G12,DATABASE!$A$2:$A$809,DATABASE!$C$2:$C$809)} -> Aplikasi BI-RTGS/SSSS/ETP BI | E12: TELKOM MANAGED NETWORK | F12: EKSISTING | G12: 1-IPP6AAY/1703056946 | H12: 202512 | I12: 2 Mbps | L12: 172.16.205.109/30 | M12: 1/13/2022 | O12: 86.18 | Q12: =(O12*24*3600*30/8)/100000 -> 279.2232 | R12: =(P12*24*3600*30/8)/100000 -> 0 | S12: 0 | T12: =(V12-S12)/V12*100% -> 1 | U12: 0.99 | V12: 720 | W12: =IF(T12<99%,((S12-V12)/720)*Y12,0) -> 0 | X12: 0.00 | Y12: 5782000 | AE12: =SUM(Y12:AD12) -> 5782000 | AF12: =IFERROR(AE12+W12,0) -> 5782000 | AI12: Kesepakatan REKON APR 2026 AM Safir dan Pak Rai SID ini BW TETAP di tulis 2Mbps diinvois HARGA PKS Baru , WALO PE 4Mbps | AJ12: 1-IPP6AAY/1703056946 | AK12: 2 Mbps | AM12: =VLOOKUP(AJ12,'[1]Master Jaringan Des 2025(792)'!$D$2:$E$795,2,0) -> #REF! | AN12: =AM12=AK12 -> #REF! | AO12: 5782000 | AP12: =AO12=Y12 -> TRUE | AR12: =IFERROR(VLOOKUP(AX11,'[2]Availability Des25'!$C$5:$G$18,5,0),0) -> 0 | AS12: =IFERROR(VLOOKUP(AX11,'[2]Availability Des25'!$C$5:$H$18,6,0),0) -> 0 | AT12: =IFERROR(VLOOKUP(AX11,'[2]Availability Des25'!$C$5:$I$18,7,0),0) -> 0
A13: =A12+1 -> 8 | B13: KANTOR PUSAT | C13: {=_xlfn.XLOOKUP(G13,DATABASE!$A$2:$A$806,DATABASE!$B$2:$B$806)} -> Bank Jatim u/ Host To Host Artajasa Sigma; Jl. Bukit Bali B3 Lakarsantri Surabaya Lt.3 | D13: {=_xlfn.XLOOKUP(G13,DATABASE!$A$2:$A$809,DATABASE!$C$2:$C$809)} -> SPP ONLINE | E13: TELKOM VPN IP | F13: EKSISTING | G13: 4700020-0029217410 | H13: 202512 | I13: 512 Kbps | L13: 10.240.0.2 /30 | M13: 42440 | O13: 0.07125 | Q13: =(O13*24*3600*30/8)/100000 -> 0.23085 | R13: =(P13*24*3600*30/8)/100000 -> 0 | S13: 0 | T13: =(V13-S13)/V13*100% -> 1 | U13: 0.99 | V13: 720 | W13: =IF(T13<99%,((S13-V13)/720)*Y13,0) -> 0 | X13: 0.00 | Y13: 2319819 | AE13: =SUM(Y13:AD13) -> 2319819 | AF13: =IFERROR(AE13+W13,0) -> 2319819 | AJ13: 4700020-0029217410 | AK13: 512 Kbps | AM13: =VLOOKUP(AJ13,'[1]Master Jaringan Des 2025(792)'!$D$2:$E$795,2,0) -> #REF! | AN13: =AM13=AK13 -> #REF! | AO13: 2319819 | AP13: =AO13=Y13 -> TRUE | AR13: =IFERROR(VLOOKUP(AX12,'[2]Availability Des25'!$C$5:$G$18,5,0),0) -> 0 | AS13: =IFERROR(VLOOKUP(AX12,'[2]Availability Des25'!$C$5:$H$18,6,0),0) -> 0 | AT13: =IFERROR(VLOOKUP(AX12,'[2]Availability Des25'!$C$5:$I$18,7,0),0) -> 0
A14: =A13+1 -> 9 | B14: KANTOR PUSAT | C14: {=_xlfn.XLOOKUP(G14,DATABASE!$A$2:$A$806,DATABASE!$B$2:$B$806)} -> Bank Jatim u/ Host To Host KTP-el Ditjen Dukcapil; DC Sigma Tangerang Lt.3 Wing timur, BSD Tangerang | D14: {=_xlfn.XLOOKUP(G14,DATABASE!$A$2:$A$809,DATABASE!$C$2:$C$809)} -> H2H | E14: TELKOM VPN IP | F14: EKSISTING | G14: 4700020-0029298844 | H14: 202512 | I14: 2 Mbps | L14: 10.240.0.6 /30 | M14: 4/13/2016 | O14: 12.9 | Q14: =(O14*24*3600*30/8)/100000 -> 41.796 | R14: =(P14*24*3600*30/8)/100000 -> 0 | S14: 0 | T14: =(V14-S14)/V14*100% -> 1 | U14: 0.99 | V14: 720 | W14: =IF(T14<99%,((S14-V14)/720)*Y14,0) -> 0 | X14: 0.00 | Y14: 3671171 | AE14: =SUM(Y14:AD14) -> 3671171 | AF14: =IFERROR(AE14+W14,0) -> 3671171 | AJ14: 4700020-0029298844 | AK14: 2 Mbps | AM14: =VLOOKUP(AJ14,'[1]Master Jaringan Des 2025(792)'!$D$2:$E$795,2,0) -> #REF! | AN14: =AM14=AK14 -> #REF! | AO14: 3671171 | AP14: =AO14=Y14 -> TRUE | AR14: =IFERROR(VLOOKUP(AX13,'[2]Availability Des25'!$C$5:$G$18,5,0),0) -> 0 | AS14: =IFERROR(VLOOKUP(AX13,'[2]Availability Des25'!$C$5:$H$18,6,0),0) -> 0 | AT14: =IFERROR(VLOOKUP(AX13,'[2]Availability Des25'!$C$5:$I$18,7,0),0) -> 0
A15: =A14+1 -> 10 | B15: KANTOR PUSAT | C15: {=_xlfn.XLOOKUP(G15,DATABASE!$A$2:$A$806,DATABASE!$B$2:$B$806)} -> Bank Jatim u/ Host To Host Call Center Infomedia; Jl. A. Yani 88, Lt.4, Surabaya | D15: {=_xlfn.XLOOKUP(G15,DATABASE!$A$2:$A$809,DATABASE!$C$2:$C$809)} -> CALL CENTER INFOMEDIA | E15: TELKOM VPN IP | F15: EKSISTING | G15: 4700020-0030913016 | H15: 202512 | I15: 10 Mbps | L15: 192.168.151.174 /30 | M15: 5/26/2017 | O15: 6.44 | Q15: =(O15*24*3600*30/8)/100000 -> 20.8656 | R15: =(P15*24*3600*30/8)/100000 -> 0 | S15: 0 | T15: =(V15-S15)/V15*100% -> 1 | U15: 0.99 | V15: 720 | W15: =IF(T15<99%,((S15-V15)/720)*Y15,0) -> 0 | X15: 0.00 | Y15: 9800000 | AE15: =SUM(Y15:AD15) -> 9800000 | AF15: =IFERROR(AE15+W15,0) -> 9800000 | AJ15: 4700020-0030913016 | AK15: 10 Mbps | AM15: =VLOOKUP(AJ15,'[1]Master Jaringan Des 2025(792)'!$D$2:$E$795,2,0) -> #REF! | AN15: =AM15=AK15 -> #REF! | AO15: 9800000 | AP15: =AO15=Y15 -> TRUE | AR15: =IFERROR(VLOOKUP(AX14,'[2]Availability Des25'!$C$5:$G$18,5,0),0) -> 0 | AS15: =IFERROR(VLOOKUP(AX14,'[2]Availability Des25'!$C$5:$H$18,6,0),0) -> 0 | AT15: =IFERROR(VLOOKUP(AX14,'[2]Availability Des25'!$C$5:$I$18,7,0),0) -> 0
A16: =A15+1 -> 11 | B16: KANTOR PUSAT | C16: {=_xlfn.XLOOKUP(G16,DATABASE!$A$2:$A$806,DATABASE!$B$2:$B$806)} -> Bank Jatim u/ Internet DRC Bank Jatim; JL.Citraland Surabaya ( Astinet ) | D16: {=_xlfn.XLOOKUP(G16,DATABASE!$A$2:$A$809,DATABASE!$C$2:$C$809)} -> INTERNET KANTOR PUSAT | E16: TELKOM ASTINET | F16: EKSISTING | G16: 4700020-0031230943 | H16: 202512 | I16: 12 Mbps | L16: 172.17.171.38 /30 (36.89.37.209 /28) | M16: 12/29/2017 | O16: 515.17 | Q16: =(O16*24*3600*30/8)/100000 -> 1669.1508 | R16: =(P16*24*3600*30/8)/100000 -> 0 | S16: 0 | T16: =(V16-S16)/V16*100% -> 1 | U16: 0.99 | V16: 720 | W16: =IF(T16<99%,((S16-V16)/720)*Y16,0) -> 0 | X16: 0.00 | Y16: 2940000 | AE16: =SUM(Y16:AD16) -> 2940000 | AF16: =IFERROR(AE16+W16,0) -> 2940000 | AJ16: 4700020-0031230943 | AK16: 12 Mbps | AM16: =VLOOKUP(AJ16,'[1]Master Jaringan Des 2025(792)'!$D$2:$E$795,2,0) -> #REF! | AN16: =AM16=AK16 -> #REF! | AO16: 2940000 | AP16: =AO16=Y16 -> TRUE | AR16: =IFERROR(VLOOKUP(AX15,'[2]Availability Des25'!$C$5:$G$18,5,0),0) -> 0 | AS16: =IFERROR(VLOOKUP(AX15,'[2]Availability Des25'!$C$5:$H$18,6,0),0) -> 0 | AT16: =IFERROR(VLOOKUP(AX15,'[2]Availability Des25'!$C$5:$I$18,7,0),0) -> 0
A17: =A16+1 -> 12 | B17: KANTOR PUSAT | C17: {=_xlfn.XLOOKUP(G17,DATABASE!$A$2:$A$806,DATABASE!$B$2:$B$806)} -> Bank Jatim Backhaul VPN IP DC; Graha Telkom Sigma Lt 3 BSD Tangerang | D17: {=_xlfn.XLOOKUP(G17,DATABASE!$A$2:$A$809,DATABASE!$C$2:$C$809)} -> DC | E17: TELKOM VPN IP | F17: EKSISTING | G17: 4700020-82572 | H17: 202512 | I17: 100 Mbps | L17: 172.17.20.2 /30 | M17: 42186 | N17: 46022 | O17: 30904.32 | Q17: =(O17*24*3600*30/8)/100000 -> 100130 | R17: =(P17*24*3600*30/8)/100000 -> 0 | S17: 0 | T17: =(V17-S17)/V17*100% -> 1 | U17: 0.99 | V17: 720 | W17: =IF(T17<99%,((S17-V17)/720)*Y17,0) -> 0 | X17: 0.00 | Y17: 20776000 | AE17: =SUM(Y17:AD17) -> 20776000 | AF17: =IFERROR(AE17+W17,0) -> 20776000 | AI17: Upgrade Bandwidth Temporer kegiatan akhir tahun 2025, Tidak merubah abonemen | AJ17: 4700020-82572 | AK17: 100 Mbps | AM17: =VLOOKUP(AJ17,'[1]Master Jaringan Des 2025(792)'!$D$2:$E$795,2,0) -> #REF! | AN17: =AM17=AK17 -> #REF! | AO17: 20776000 | AP17: =AO17=Y17 -> TRUE | AR17: =IFERROR(VLOOKUP(AX16,'[2]Availability Des25'!$C$5:$G$18,5,0),0) -> 0 | AS17: =IFERROR(VLOOKUP(AX16,'[2]Availability Des25'!$C$5:$H$18,6,0),0) -> 0 | AT17: =IFERROR(VLOOKUP(AX16,'[2]Availability Des25'!$C$5:$I$18,7,0),0) -> 0
A18: =A17+1 -> 13 | B18: KANTOR PUSAT | C18: {=_xlfn.XLOOKUP(G18,DATABASE!$A$2:$A$806,DATABASE!$B$2:$B$806)} -> Bank Jatim Backhaul VPN IP DRC; Bukit Bali B3-2 Lakarsantri Surabaya | D18: {=_xlfn.XLOOKUP(G18,DATABASE!$A$2:$A$809,DATABASE!$C$2:$C$809)} -> DRC | E18: TELKOM VPN IP | F18: EKSISTING | G18: 4700020-68390 | H18: 202512 | I18: 100 Mbps | L18: 172.17.52.2 /30 | M18: 6/24/2015 | O18: 26818.56 | Q18: =(O18*24*3600*30/8)/100000 -> 86892.134 | R18: =(P18*24*3600*30/8)/100000 -> 0 | S18: 0 | T18: =(V18-S18)/V18*100% -> 1 | U18: 0.99 | V18: 720 | W18: =IF(T18<99%,((S18-V18)/720)*Y18,0) -> 0 | X18: 0.00 | Y18: 20776000 | AE18: =SUM(Y18:AD18) -> 20776000 | AF18: =IFERROR(AE18+W18,0) -> 20776000 | AJ18: 4700020-68390 | AK18: 100 Mbps | AM18: =VLOOKUP(AJ18,'[1]Master Jaringan Des 2025(792)'!$D$2:$E$795,2,0) -> #REF! | AN18: =AM18=AK18 -> #REF! | AO18: 20776000 | AP18: =AO18=Y18 -> TRUE | AR18: =IFERROR(VLOOKUP(AX17,'[2]Availability Des25'!$C$5:$G$18,5,0),0) -> 0 | AS18: =IFERROR(VLOOKUP(AX17,'[2]Availability Des25'!$C$5:$H$18,6,0),0) -> 0 | AT18: =IFERROR(VLOOKUP(AX17,'[2]Availability Des25'!$C$5:$I$18,7,0),0) -> 0
A19: =A18+1 -> 14 | B19: KANTOR PUSAT | C19: {=_xlfn.XLOOKUP(G19,DATABASE!$A$2:$A$806,DATABASE!$B$2:$B$806)} -> Bank Jatim u/ Host To Host Metro DJP-DC; Jl. Gatot Subroto Kav. 40-42 JKT ke DC Sigma Citraland SBY (E-Filling) | D19: {=_xlfn.XLOOKUP(G19,DATABASE!$A$2:$A$808,DATABASE!$C$2:$C$808)} -> H2H METRO | E19: TELKOM METRO | F19: EKSISTING | G19: 4700020-0029669221 | H19: 202512 | I19: 1 Mbps | L19: - | M19: 1/26/2016 | O19: 3.91 | Q19: =(O19*24*3600*30/8)/100000 -> 12.6684 | R19: =(P19*24*3600*30/8)/100000 -> 0 | S19: 0 | T19: =(V19-S19)/V19*100% -> 1 | U19: 0.99 | V19: 720 | W19: =IF(T19<99%,((S19-V19)/720)*Y19,0) -> 0 | X19: 0.00 | Y19: 2737114 | AE19: =SUM(Y19:AD19) -> 2737114 | AF19: =IFERROR(AE19+W19,0) -> 2737114 | AJ19: 4700020-0029669221 | AK19: 1 Mbps | AM19: =VLOOKUP(AJ19,'[1]Master Jaringan Des 2025(792)'!$D$2:$E$795,2,0) -> #REF! | AN19: =AM19=AK19 -> #REF! | AO19: 2737114 | AP19: =AO19=Y19 -> TRUE | AQ19: H2H METRO | AR19: =IFERROR(VLOOKUP(AX18,'[2]Availability Des25'!$C$5:$G$18,5,0),0) -> 0 | AS19: =IFERROR(VLOOKUP(AX18,'[2]Availability Des25'!$C$5:$H$18,6,0),0) -> 0 | AT19: =IFERROR(VLOOKUP(AX18,'[2]Availability Des25'!$C$5:$I$18,7,0),0) -> 0
A20: =A19+1 -> 15 | B20: KANTOR PUSAT | C20: {=_xlfn.XLOOKUP(G20,DATABASE!$A$2:$A$806,DATABASE!$B$2:$B$806)} -> Bank Jatim u/ Host To Host Metro DC -DJP; DC Sigma Citraland SBY ke Jl. Gatot Subroto Kav. 40-42 JKT (E-Filling) | D20: {=_xlfn.XLOOKUP(G20,DATABASE!$A$2:$A$808,DATABASE!$C$2:$C$808)} -> H2H METRO | E20: TELKOM METRO | F20: EKSISTING | G20: 4700020-0030871897 | H20: 202512 | I20: 1 Mbps | L20: - | M20: 4/18/2017 | O20: 0.47008 | Q20: =(O20*24*3600*30/8)/100000 -> 1.5230592 | R20: =(P20*24*3600*30/8)/100000 -> 0 | S20: 0 | T20: =(V20-S20)/V20*100% -> 1 | U20: 0.99 | V20: 720 | W20: =IF(T20<99%,((S20-V20)/720)*Y20,0) -> 0 | X20: 0.00 | Y20: 2737114 | AE20: =SUM(Y20:AD20) -> 2737114 | AF20: =IFERROR(AE20+W20,0) -> 2737114 | AJ20: 4700020-0030871897 | AK20: 1 Mbps | AM20: =VLOOKUP(AJ20,'[1]Master Jaringan Des 2025(792)'!$D$2:$E$795,2,0) -> #REF! | AN20: =AM20=AK20 -> #REF! | AO20: 2737114 | AP20: =AO20=Y20 -> TRUE | AQ20: H2H METRO | AR20: =IFERROR(VLOOKUP(AX19,'[2]Availability Des25'!$C$5:$G$18,5,0),0) -> 0 | AS20: =IFERROR(VLOOKUP(AX19,'[2]Availability Des25'!$C$5:$H$18,6,0),0) -> 0 | AT20: =IFERROR(VLOOKUP(AX19,'[2]Availability Des25'!$C$5:$I$18,7,0),0) -> 0
A21: =A20+1 -> 16 | B21: KANTOR PUSAT | C21: {=_xlfn.XLOOKUP(G21,DATABASE!$A$2:$A$806,DATABASE!$B$2:$B$806)} -> Bank Jatim u/ Host To Host Metro Asabri -DC; Jl.Mayjen Sutoyo 11 JakTim | D21: {=_xlfn.XLOOKUP(G21,DATABASE!$A$2:$A$808,DATABASE!$C$2:$C$808)} -> H2H METRO | E21: TELKOM METRO | F21: EKSISTING | G21: 4700020-0031134693 | H21: 202512 | I21: 1 Mbps | L21: - | M21: 10/26/2017 | O21: 114.11 | Q21: =(O21*24*3600*30/8)/100000 -> 369.7164 | R21: =(P21*24*3600*30/8)/100000 -> 0 | S21: 0 | T21: =(V21-S21)/V21*100% -> 1 | U21: 0.99 | V21: 720 | W21: =IF(T21<99%,((S21-V21)/720)*Y21,0) -> 0 | X21: 0.00 | Y21: 2737114 | AE21: =SUM(Y21:AD21) -> 2737114 | AF21: =IFERROR(AE21+W21,0) -> 2737114 | AJ21: 4700020-0031134693 | AK21: 1 Mbps | AM21: =VLOOKUP(AJ21,'[1]Master Jaringan Des 2025(792)'!$D$2:$E$795,2,0) -> #REF! | AN21: =AM21=AK21 -> #REF! | AO21: 2737114 | AP21: =AO21=Y21 -> TRUE | AQ21: H2H METRO | AR21: =IFERROR(VLOOKUP(AX20,'[2]Availability Des25'!$C$5:$G$18,5,0),0) -> 0 | AS21: =IFERROR(VLOOKUP(AX20,'[2]Availability Des25'!$C$5:$H$18,6,0),0) -> 0 | AT21: =IFERROR(VLOOKUP(AX20,'[2]Availability Des25'!$C$5:$I$18,7,0),0) -> 0
A22: =A21+1 -> 17 | B22: KANTOR PUSAT | C22: {=_xlfn.XLOOKUP(G22,DATABASE!$A$2:$A$806,DATABASE!$B$2:$B$806)} -> Bank Jatim u/ Host To Host Metro DC- Asabri; Sigma Citraland Jl.Bukit Bali B3 2 Lakarsantri Surabaya | D22: {=_xlfn.XLOOKUP(G22,DATABASE!$A$2:$A$808,DATABASE!$C$2:$C$808)} -> H2H METRO | E22: TELKOM METRO | F22: EKSISTING | G22: 4700020-0031135108 | H22: 202512 | I22: 1 Mbps | L22: - | M22: 10/31/2017 | O22: 0.48568 | Q22: =(O22*24*3600*30/8)/100000 -> 1.5736032 | R22: =(P22*24*3600*30/8)/100000 -> 0 | S22: 0 | T22: =(V22-S22)/V22*100% -> 1 | U22: 0.99 | V22: 720 | W22: =IF(T22<99%,((S22-V22)/720)*Y22,0) -> 0 | X22: 0.00 | Y22: 2737114 | AE22: =SUM(Y22:AD22) -> 2737114 | AF22: =IFERROR(AE22+W22,0) -> 2737114 | AJ22: 4700020-0031135108 | AK22: 1 Mbps | AM22: =VLOOKUP(AJ22,'[1]Master Jaringan Des 2025(792)'!$D$2:$E$795,2,0) -> #REF! | AN22: =AM22=AK22 -> #REF! | AO22: 2737114 | AP22: =AO22=Y22 -> TRUE | AQ22: H2H METRO | AR22: =IFERROR(VLOOKUP(AX21,'[2]Availability Des25'!$C$5:$G$18,5,0),0) -> 0 | AS22: =IFERROR(VLOOKUP(AX21,'[2]Availability Des25'!$C$5:$H$18,6,0),0) -> 0 | AT22: =IFERROR(VLOOKUP(AX21,'[2]Availability Des25'!$C$5:$I$18,7,0),0) -> 0
A23: =A22+1 -> 18 | B23: KANTOR PUSAT | C23: {=_xlfn.XLOOKUP(G23,DATABASE!$A$2:$A$806,DATABASE!$B$2:$B$806)} -> Bank Jatim u/ Host To Host Metro P2P DC-MKM; Data Center Jl. Gedung German Center Lt. 3, BSD Tangerang ke DCI Bekasi (H2H MKM DCI Tangerang) | D23: {=_xlfn.XLOOKUP(G23,DATABASE!$A$2:$A$808,DATABASE!$C$2:$C$808)} -> H2H METRO | E23: TELKOM METRO | F23: EKSISTING | G23: 790038103 | H23: 202512 | I23: 1 Mbps | L23: - | M23: 43497 | O23: 68.86 | Q23: =(O23*24*3600*30/8)/100000 -> 223.1064 | R23: =(P23*24*3600*30/8)/100000 -> 0 | S23: 0 | T23: =(V23-S23)/V23*100% -> 1 | U23: 0.99 | V23: 720 | W23: =IF(T23<99%,((S23-V23)/720)*Y23,0) -> 0 | X23: 0.00 | Y23: 2737114 | AE23: =SUM(Y23:AD23) -> 2737114 | AF23: =IFERROR(AE23+W23,0) -> 2737114 | AJ23: 790038103 | AK23: 1 Mbps | AM23: 1 Mbps | AN23: =AM23=AK23 -> TRUE | AO23: 2737114 | AP23: =AO23=Y23 -> TRUE | AQ23: H2H METRO | AR23: =IFERROR(VLOOKUP(AX22,'[2]Availability Des25'!$C$5:$G$18,5,0),0) -> 0 | AS23: =IFERROR(VLOOKUP(AX22,'[2]Availability Des25'!$C$5:$H$18,6,0),0) -> 0 | AT23: =IFERROR(VLOOKUP(AX22,'[2]Availability Des25'!$C$5:$I$18,7,0),0) -> 0
A24: =A23+1 -> 19 | B24: KANTOR PUSAT | C24: {=_xlfn.XLOOKUP(G24,DATABASE!$A$2:$A$806,DATABASE!$B$2:$B$806)} -> Bank Jatim u/ Host To Host Metro P2P MKM-DC; DCI Bekasi, Jl. Halmahera Blok F1 No.1, Danau Indah, Cikarang Bar, Bekasi ke (H2H MKM DCI Tangerang) | D24: {=_xlfn.XLOOKUP(G24,DATABASE!$A$2:$A$808,DATABASE!$C$2:$C$808)} -> H2H METRO | E24: TELKOM METRO | F24: EKSISTING | G24: 790226991 | H24: 202512 | I24: 1 Mbps | L24: - | M24: 43497 | O24: 34.65 | Q24: =(O24*24*3600*30/8)/100000 -> 112.266 | R24: =(P24*24*3600*30/8)/100000 -> 0 | S24: 0 | T24: =(V24-S24)/V24*100% -> 1 | U24: 0.99 | V24: 720 | W24: =IF(T24<99%,((S24-V24)/720)*Y24,0) -> 0 | X24: 0.00 | Y24: 2737114 | AE24: =SUM(Y24:AD24) -> 2737114 | AF24: =IFERROR(AE24+W24,0) -> 2737114 | AJ24: 790226991 | AK24: 1 Mbps | AM24: 1 Mbps | AN24: =AM24=AK24 -> TRUE | AO24: 2737114 | AP24: =AO24=Y24 -> TRUE | AQ24: H2H METRO | AR24: =IFERROR(VLOOKUP(AX23,'[2]Availability Des25'!$C$5:$G$18,5,0),0) -> 0 | AS24: =IFERROR(VLOOKUP(AX23,'[2]Availability Des25'!$C$5:$H$18,6,0),0) -> 0 | AT24: =IFERROR(VLOOKUP(AX23,'[2]Availability Des25'!$C$5:$I$18,7,0),0) -> 0
A25: =A24+1 -> 20 | B25: KANTOR PUSAT | C25: {=_xlfn.XLOOKUP(G25,DATABASE!$A$2:$A$806,DATABASE!$B$2:$B$806)} -> Bank Jatim u/ Host To Host Metro Bpjs T.Kerja JL. Medan Merdeka Barat 13-14, Jakarta Pusat | D25: {=_xlfn.XLOOKUP(G25,DATABASE!$A$2:$A$808,DATABASE!$C$2:$C$808)} -> H2H METRO | E25: TELKOM METRO | F25: EKSISTING | G25: 1261472344 | H25: 202512 | I25: 1 Mbps | L25: - | M25: 3/26/2021 | O25: 0.62455 | Q25: =(O25*24*3600*30/8)/100000 -> 2.023542 | R25: =(P25*24*3600*30/8)/100000 -> 0 | S25: 0 | T25: =(V25-S25)/V25*100% -> 1 | U25: 0.99 | V25: 720 | W25: =IF(T25<99%,((S25-V25)/720)*Y25,0) -> 0 | X25: 0.00 | Y25: 2737114 | AE25: =SUM(Y25:AD25) -> 2737114 | AF25: =IFERROR(AE25+W25,0) -> 2737114 | AJ25: 1261472344 | AK25: 1 Mbps | AM25: 1 Mbps | AN25: =AM25=AK25 -> TRUE | AO25: 2737114 | AP25: =AO25=Y25 -> TRUE | AQ25: H2H METRO | AR25: =IFERROR(VLOOKUP(AX24,'[2]Availability Des25'!$C$5:$G$18,5,0),0) -> 0 | AS25: =IFERROR(VLOOKUP(AX24,'[2]Availability Des25'!$C$5:$H$18,6,0),0) -> 0 | AT25: =IFERROR(VLOOKUP(AX24,'[2]Availability Des25'!$C$5:$I$18,7,0),0) -> 0
A26: =A25+1 -> 21 | B26: KANTOR PUSAT | C26: {=_xlfn.XLOOKUP(G26,DATABASE!$A$2:$A$806,DATABASE!$B$2:$B$806)} -> Bank Jatim u/ Host To Host Metro BPJS Graha Sigma Lt.6, Tangerang | D26: {=_xlfn.XLOOKUP(G26,DATABASE!$A$2:$A$808,DATABASE!$C$2:$C$808)} -> H2H METRO | E26: TELKOM METRO | F26: EKSISTING | G26: 1261472394 | H26: 202512 | I26: 1 Mbps | L26: - | M26: 3/26/2021 | O26: 789.32 | Q26: =(O26*24*3600*30/8)/100000 -> 2557.3968 | R26: =(P26*24*3600*30/8)/100000 -> 0 | S26: 0 | T26: =(V26-S26)/V26*100% -> 1 | U26: 0.99 | V26: 720 | W26: =IF(T26<99%,((S26-V26)/720)*Y26,0) -> 0 | X26: 0.00 | Y26: 2737114 | AE26: =SUM(Y26:AD26) -> 2737114 | AF26: =IFERROR(AE26+W26,0) -> 2737114 | AJ26: 1261472394 | AK26: 1 Mbps | AM26: 1 Mbps | AN26: =AM26=AK26 -> TRUE | AO26: 2737114 | AP26: =AO26=Y26 -> TRUE | AQ26: H2H METRO | AR26: =IFERROR(VLOOKUP(AX25,'[2]Availability Des25'!$C$5:$G$18,5,0),0) -> 0 | AS26: =IFERROR(VLOOKUP(AX25,'[2]Availability Des25'!$C$5:$H$18,6,0),0) -> 0 | AT26: =IFERROR(VLOOKUP(AX25,'[2]Availability Des25'!$C$5:$I$18,7,0),0) -> 0
A27: =A26+1 -> 22 | B27: KANTOR PUSAT | C27: {=_xlfn.XLOOKUP(G27,DATABASE!$A$2:$A$806,DATABASE!$B$2:$B$806)} -> Bank Jatim u/ Aplikasi JKD BANK INDONESIA JL. Kapten Subijanto LT. 5, German Center BSD Tangerang Selatan | D27: {=_xlfn.XLOOKUP(G27,DATABASE!$A$2:$A$808,DATABASE!$C$2:$C$808)} -> JKD BI | E27: TELKOM MANAGED NETWORK | F27: EKSISTING | G27: 1707535922 | H27: 202512 | I27: 0 | L27: - | M27: 43717 | O27: 0 | Q27: =(O27*24*3600*30/8)/100000 -> 0 | R27: =(P27*24*3600*30/8)/100000 -> 0 | S27: 0 | T27: =(V27-S27)/V27*100% -> 1 | U27: 0.99 | V27: 720 | W27: =IF(T27<99%,((S27-V27)/720)*Y27,0) -> 0 | X27: 0.00 | Y27: 1412612 | AE27: =SUM(Y27:AD27) -> 1412612 | AF27: =IFERROR(AE27+W27,0) -> 1412612 | AJ27: 1707535922 | AK27: 0 | AM27: 0 | AN27: =AM27=AK27 -> TRUE | AO27: 1412612 | AP27: =AO27=Y27 -> TRUE | AR27: =IFERROR(VLOOKUP(AX26,'[2]Availability Des25'!$C$5:$G$18,5,0),0) -> 0 | AS27: =IFERROR(VLOOKUP(AX26,'[2]Availability Des25'!$C$5:$H$18,6,0),0) -> 0 | AT27: =IFERROR(VLOOKUP(AX26,'[2]Availability Des25'!$C$5:$I$18,7,0),0) -> 0
A28: =A27+1 -> 23 | B28: UTAMA | C28: {=_xlfn.XLOOKUP(G28,DATABASE!$A$2:$A$806,DATABASE!$B$2:$B$806)} -> Kantor Kas Pajak Online Pemkot Surabaya, Jimerto 25-27 | D28: {=_xlfn.XLOOKUP(G28,DATABASE!$A$2:$A$808,DATABASE!$C$2:$C$808)} -> KANTOR KAS | E28: TELKOM VPN IP | F28: EKSISTING | G28: 4700020-88376 | H28: 202512 | I28: 512 Kbps | L28: 192.168.151.18 /30 | M28: 9/22/2017 | O28: 12.06 | Q28: =(O28*24*3600*30/8)/100000 -> 39.0744 | R28: =(P28*24*3600*30/8)/100000 -> 0 | S28: 0 | T28: =(V28-S28)/V28*100% -> 1 | U28: 0.99 | V28: 720 | W28: =IF(T28<99%,((S28-V28)/720)*Y28,0) -> 0 | X28: 0.00 | Y28: 2319819 | AE28: =SUM(Y28:AD28) -> 2319819 | AF28: =IFERROR(AE28+W28,0) -> 2319819 | AG28: 99316968 | AJ28: 4700020-88376 | AK28: 512 Kbps | AM28: =VLOOKUP(AJ28,'[1]Master Jaringan Des 2025(792)'!$D$2:$E$795,2,0) -> #REF! | AN28: =AM28=AK28 -> #REF! | AO28: 2319819 | AP28: =AO28=Y28 -> TRUE | AR28: =IFERROR(VLOOKUP(AX27,'[2]Availability Des25'!$C$5:$G$18,5,0),0) -> 0 | AS28: =IFERROR(VLOOKUP(AX27,'[2]Availability Des25'!$C$5:$H$18,6,0),0) -> 0 | AT28: =IFERROR(VLOOKUP(AX27,'[2]Availability Des25'!$C$5:$I$18,7,0),0) -> 0
A29: =A28+1 -> 24 | B29: UTAMA | C29: {=_xlfn.XLOOKUP(G29,DATABASE!$A$2:$A$806,DATABASE!$B$2:$B$806)} -> Kantor Kas Provinsi Jatim - Gubernur, Johar 17 Surabaya | D29: {=_xlfn.XLOOKUP(G29,DATABASE!$A$2:$A$808,DATABASE!$C$2:$C$808)} -> KANTOR KAS | E29: TELKOM VPN IP | F29: EKSISTING | G29: 4700020-88369 | H29: 202512 | I29: 512 Kbps | L29: 192.168.151.182 /30 | M29: 43773 | O29: 0.00203 | Q29: =(O29*24*3600*30/8)/100000 -> 0.0065772 | R29: =(P29*24*3600*30/8)/100000 -> 0 | S29: 0 | T29: =(V29-S29)/V29*100% -> 1 | U29: 0.99 | V29: 720 | W29: =IF(T29<99%,((S29-V29)/720)*Y29,0) -> 0 | X29: 0.00 | Y29: 2319819 | AE29: =SUM(Y29:AD29) -> 2319819 | AF29: =IFERROR(AE29+W29,0) -> 2319819 | AJ29: 4700020-88369 | AK29: 512 Kbps | AM29: =VLOOKUP(AJ29,'[1]Master Jaringan Des 2025(792)'!$D$2:$E$795,2,0) -> #REF! | AN29: =AM29=AK29 -> #REF! | AO29: 2319819 | AP29: =AO29=Y29 -> TRUE | AR29: =IFERROR(VLOOKUP(AX28,'[2]Availability Des25'!$C$5:$G$18,5,0),0) -> 0 | AS29: =IFERROR(VLOOKUP(AX28,'[2]Availability Des25'!$C$5:$H$18,6,0),0) -> 0 | AT29: =IFERROR(VLOOKUP(AX28,'[2]Availability Des25'!$C$5:$I$18,7,0),0) -> 0
A30: =A29+1 -> 25 | B30: UTAMA | C30: {=_xlfn.XLOOKUP(G30,DATABASE!$A$2:$A$806,DATABASE!$B$2:$B$806)} -> Kantor Kas Dipenda Manyar, Manyar Kertoarjo | D30: {=_xlfn.XLOOKUP(G30,DATABASE!$A$2:$A$808,DATABASE!$C$2:$C$808)} -> KANTOR KAS | E30: TELKOM VPN IP | F30: EKSISTING | G30: 4700020-88373 | H30: 202512 | I30: 512 Kbps | L30: 192.168.150.10 /30 | M30: 6/24/2015 | O30: 5.24 | Q30: =(O30*24*3600*30/8)/100000 -> 16.9776 | R30: =(P30*24*3600*30/8)/100000 -> 0 | S30: 0 | T30: =(V30-S30)/V30*100% -> 1 | U30: 0.99 | V30: 720 | W30: =IF(T30<99%,((S30-V30)/720)*Y30,0) -> 0 | X30: 0.00 | Y30: 2319819 | AE30: =SUM(Y30:AD30) -> 2319819 | AF30: =IFERROR(AE30+W30,0) -> 2319819 | AJ30: 4700020-88373 | AK30: 512 Kbps | AM30: =VLOOKUP(AJ30,'[1]Master Jaringan Des 2025(792)'!$D$2:$E$795,2,0) -> #REF! | AN30: =AM30=AK30 -> #REF! | AO30: 2319819 | AP30: =AO30=Y30 -> TRUE | AR30: =IFERROR(VLOOKUP(AX29,'[2]Availability Des25'!$C$5:$G$18,5,0),0) -> 0 | AS30: =IFERROR(VLOOKUP(AX29,'[2]Availability Des25'!$C$5:$H$18,6,0),0) -> 0 | AT30: =IFERROR(VLOOKUP(AX29,'[2]Availability Des25'!$C$5:$I$18,7,0),0) -> 0
A31: =A30+1 -> 26 | B31: UTAMA | C31: {=_xlfn.XLOOKUP(G31,DATABASE!$A$2:$A$806,DATABASE!$B$2:$B$806)} -> Samsat Online Capem UWK (Univ. Wijaya Kusuma), Dukuh Kupang Barat 1 | D31: {=_xlfn.XLOOKUP(G31,DATABASE!$A$2:$A$808,DATABASE!$C$2:$C$808)} -> SAMSAT ONLINE | E31: TELKOM VPN IP | F31: EKSISTING | G31: 4700020-28893 | H31: 202512 | I31: 256 Kbps | L31: 172.200.15.1 /24 | M31: 42156 | O31: 0.15924 | Q31: =(O31*24*3600*30/8)/100000 -> 0.5159376 | R31: =(P31*24*3600*30/8)/100000 -> 0 | S31: 0 | T31: =(V31-S31)/V31*100% -> 1 | U31: 0.99 | V31: 720 | W31: =IF(T31<99%,((S31-V31)/720)*Y31,0) -> 0 | X31: 0.00 | Y31: 1950000 | AE31: =SUM(Y31:AD31) -> 1950000 | AF31: =IFERROR(AE31+W31,0) -> 1950000 | AJ31: 4700020-28893 | AK31: 256 Kbps | AM31: =VLOOKUP(AJ31,'[1]Master Jaringan Des 2025(792)'!$D$2:$E$795,2,0) -> #REF! | AN31: =AM31=AK31 -> #REF! | AO31: 1950000 | AP31: =AO31=Y31 -> TRUE | AR31: =IFERROR(VLOOKUP(AX30,'[2]Availability Des25'!$C$5:$G$18,5,0),0) -> 0 | AS31: =IFERROR(VLOOKUP(AX30,'[2]Availability Des25'!$C$5:$H$18,6,0),0) -> 0 | AT31: =IFERROR(VLOOKUP(AX30,'[2]Availability Des25'!$C$5:$I$18,7,0),0) -> 0
A32: =A31+1 -> 27 | B32: UTAMA | C32: {=_xlfn.XLOOKUP(G32,DATABASE!$A$2:$A$806,DATABASE!$B$2:$B$806)} -> UPTB 1 Tambakrejo. Jl.Tambak Rejo 5/1 Surabaya | D32: {=_xlfn.XLOOKUP(G32,DATABASE!$A$2:$A$808,DATABASE!$C$2:$C$808)} -> UPTB | E32: TELKOM VPN IP | F32: EKSISTING | G32: 1113954367 | H32: 202512 | I32: 512 Kbps | L32: 196.168.107.193 /29 | M32: 11/25/2019 | O32: 0.33927 | Q32: =(O32*24*3600*30/8)/100000 -> 1.0992348 | R32: =(P32*24*3600*30/8)/100000 -> 0 | S32: 0 | T32: =(V32-S32)/V32*100% -> 1 | U32: 0.99 | V32: 720 | W32: =IF(T32<99%,((S32-V32)/720)*Y32,0) -> 0 | X32: 0.00 | Y32: 2319819 | AE32: =SUM(Y32:AD32) -> 2319819 | AF32: =IFERROR(AE32+W32,0) -> 2319819 | AJ32: 1113954367 | AK32: 512 Kbps | AM32: 512 Kbps | AN32: =AM32=AK32 -> TRUE | AO32: 2319819 | AP32: =AO32=Y32 -> TRUE | AR32: =IFERROR(VLOOKUP(AX31,'[2]Availability Des25'!$C$5:$G$18,5,0),0) -> 0 | AS32: =IFERROR(VLOOKUP(AX31,'[2]Availability Des25'!$C$5:$H$18,6,0),0) -> 0 | AT32: =IFERROR(VLOOKUP(AX31,'[2]Availability Des25'!$C$5:$I$18,7,0),0) -> 0
A33: =A32+1 -> 28 | B33: UTAMA | C33: {=_xlfn.XLOOKUP(G33,DATABASE!$A$2:$A$806,DATABASE!$B$2:$B$806)} -> UPTB 4 Dukuh Kupang, Dukuh Kupang 1/25 Surabaya | D33: {=_xlfn.XLOOKUP(G33,DATABASE!$A$2:$A$808,DATABASE!$C$2:$C$808)} -> UPTB | E33: TELKOM VPN IP | F33: EKSISTING | G33: 1155255333 | H33: 202512 | I33: 512 Kbps | L33: 196.168.107.169 /29 | M33: 43864 | O33: 0.51197 | Q33: =(O33*24*3600*30/8)/100000 -> 1.6587828 | R33: =(P33*24*3600*30/8)/100000 -> 0 | S33: 0 | T33: =(V33-S33)/V33*100% -> 1 | U33: 0.99 | V33: 720 | W33: =IF(T33<99%,((S33-V33)/720)*Y33,0) -> 0 | X33: 0.00 | Y33: 2319819 | AE33: =SUM(Y33:AD33) -> 2319819 | AF33: =IFERROR(AE33+W33,0) -> 2319819 | AJ33: 1155255333 | AK33: 512 Kbps | AM33: 512 Kbps | AN33: =AM33=AK33 -> TRUE | AO33: 2319819 | AP33: =AO33=Y33 -> TRUE | AR33: =IFERROR(VLOOKUP(AX32,'[2]Availability Des25'!$C$5:$G$18,5,0),0) -> 0 | AS33: =IFERROR(VLOOKUP(AX32,'[2]Availability Des25'!$C$5:$H$18,6,0),0) -> 0 | AT33: =IFERROR(VLOOKUP(AX32,'[2]Availability Des25'!$C$5:$I$18,7,0),0) -> 0
A34: =A33+1 -> 29 | B34: UTAMA | C34: {=_xlfn.XLOOKUP(G34,DATABASE!$A$2:$A$806,DATABASE!$B$2:$B$806)} -> UPTB 5 Manyar , Sukadami 1 Surabaya | D34: {=_xlfn.XLOOKUP(G34,DATABASE!$A$2:$A$808,DATABASE!$C$2:$C$808)} -> UPTB | E34: TELKOM VPN IP | F34: EKSISTING | G34: 1148350816 | H34: 202512 | I34: 512 Kbps | L34: 196.168.107.161 /29 | M34: 1/27/2020 | O34: 0.35557 | Q34: =(O34*24*3600*30/8)/100000 -> 1.1520468 | R34: =(P34*24*3600*30/8)/100000 -> 0 | S34: 0 | T34: =(V34-S34)/V34*100% -> 1 | U34: 0.99 | V34: 720 | W34: =IF(T34<99%,((S34-V34)/720)*Y34,0) -> 0 | X34: 0.00 | Y34: 2319819 | AE34: =SUM(Y34:AD34) -> 2319819 | AF34: =IFERROR(AE34+W34,0) -> 2319819 | AJ34: 1148350816 | AK34: 512 Kbps | AM34: 512 Kbps | AN34: =AM34=AK34 -> TRUE | AO34: 2319819 | AP34: =AO34=Y34 -> TRUE | AR34: =IFERROR(VLOOKUP(AX33,'[2]Availability Des25'!$C$5:$G$18,5,0),0) -> 0 | AS34: =IFERROR(VLOOKUP(AX33,'[2]Availability Des25'!$C$5:$H$18,6,0),0) -> 0 | AT34: =IFERROR(VLOOKUP(AX33,'[2]Availability Des25'!$C$5:$I$18,7,0),0) -> 0
A35: =A34+1 -> 30 | B35: UTAMA | C35: {=_xlfn.XLOOKUP(G35,DATABASE!$A$2:$A$806,DATABASE!$B$2:$B$806)} -> UPTB 8 Rungkut Asri , Rungkut Asri Timur XVIII/2 Surabaya | D35: {=_xlfn.XLOOKUP(G35,DATABASE!$A$2:$A$808,DATABASE!$C$2:$C$808)} -> UPTB | E35: TELKOM VPN IP | F35: EKSISTING | G35: 1151434694 | H35: 202512 | I35: 512 Kbps | L35: 196.168.107.153 /29 | M35: 43864 | O35: 0.33537 | Q35: =(O35*24*3600*30/8)/100000 -> 1.0865988 | R35: =(P35*24*3600*30/8)/100000 -> 0 | S35: 0 | T35: =(V35-S35)/V35*100% -> 1 | U35: 0.99 | V35: 720 | W35: =IF(T35<99%,((S35-V35)/720)*Y35,0) -> 0 | X35: 0.00 | Y35: 2319819 | AE35: =SUM(Y35:AD35) -> 2319819 | AF35: =IFERROR(AE35+W35,0) -> 2319819 | AJ35: 1151434694 | AK35: 512 Kbps | AM35: 512 Kbps | AN35: =AM35=AK35 -> TRUE | AO35: 2319819 | AP35: =AO35=Y35 -> TRUE | AR35: =IFERROR(VLOOKUP(AX34,'[2]Availability Des25'!$C$5:$G$18,5,0),0) -> 0 | AS35: =IFERROR(VLOOKUP(AX34,'[2]Availability Des25'!$C$5:$H$18,6,0),0) -> 0 | AT35: =IFERROR(VLOOKUP(AX34,'[2]Availability Des25'!$C$5:$I$18,7,0),0) -> 0
A36: =A35+1 -> 31 | B36: UTAMA | C36: {=_xlfn.XLOOKUP(G36,DATABASE!$A$2:$A$806,DATABASE!$B$2:$B$806)} -> Capem Tambakrejo, Jl.Kapas Krampung 69 Tambakrejo | D36: {=_xlfn.XLOOKUP(G36,DATABASE!$A$2:$A$808,DATABASE!$C$2:$C$808)} -> CAPEM | E36: TELKOM VPN IP | F36: EKSISTING | G36: 4700020-06007 | H36: 202512 | I36: 1 Mbps | L36: 192.168.152.170 /30 | M36: 42156 | O36: 22.23 | Q36: =(O36*24*3600*30/8)/100000 -> 72.0252 | R36: =(P36*24*3600*30/8)/100000 -> 0 | S36: 0 | T36: =(V36-S36)/V36*100% -> 1 | U36: 0.99 | V36: 720 | W36: =IF(T36<99%,((S36-V36)/720)*Y36,0) -> 0 | X36: 0.00 | Y36: 2792792 | AE36: =SUM(Y36:AD36) -> 2792792 | AF36: =IFERROR(AE36+W36,0) -> 2792792 | AJ36: 4700020-06007 | AK36: 1 Mbps | AM36: =VLOOKUP(AJ36,'[1]Master Jaringan Des 2025(792)'!$D$2:$E$795,2,0) -> #REF! | AN36: =AM36=AK36 -> #REF! | AO36: 2792792 | AP36: =AO36=Y36 -> TRUE | AR36: =IFERROR(VLOOKUP(AX35,'[2]Availability Des25'!$C$5:$G$18,5,0),0) -> 0 | AS36: =IFERROR(VLOOKUP(AX35,'[2]Availability Des25'!$C$5:$H$18,6,0),0) -> 0 | AT36: =IFERROR(VLOOKUP(AX35,'[2]Availability Des25'!$C$5:$I$18,7,0),0) -> 0
A37: =A36+1 -> 32 | B37: UTAMA | C37: {=_xlfn.XLOOKUP(G37,DATABASE!$A$2:$A$806,DATABASE!$B$2:$B$806)} -> ATM RSAL, Jl.Gadung 1 Surabaya | D37: {=_xlfn.XLOOKUP(G37,DATABASE!$A$2:$A$808,DATABASE!$C$2:$C$808)} -> ATM | E37: TELKOM VPN IP | F37: EKSISTING | G37: 4700020-07944 | H37: 202512 | I37: 128 Kbps | L37: 196.168.107.73 /29 | M37: 43286 | O37: 10.66 | Q37: =(O37*24*3600*30/8)/100000 -> 34.5384 | R37: =(P37*24*3600*30/8)/100000 -> 0 | S37: 0 | T37: =(V37-S37)/V37*100% -> 1 | U37: 0.99 | V37: 720 | W37: =IF(T37<99%,((S37-V37)/720)*Y37,0) -> 0 | X37: 0.00 | Y37: 1300000 | AE37: =SUM(Y37:AD37) -> 1300000 | AF37: =IFERROR(AE37+W37,0) -> 1300000 | AJ37: 4700020-07944 | AK37: 128 Kbps | AM37: =VLOOKUP(AJ37,'[1]Master Jaringan Des 2025(792)'!$D$2:$E$795,2,0) -> #REF! | AN37: =AM37=AK37 -> #REF! | AO37: 1300000 | AP37: =AO37=Y37 -> TRUE | AR37: =IFERROR(VLOOKUP(AX36,'[2]Availability Des25'!$C$5:$G$18,5,0),0) -> 0 | AS37: =IFERROR(VLOOKUP(AX36,'[2]Availability Des25'!$C$5:$H$18,6,0),0) -> 0 | AT37: =IFERROR(VLOOKUP(AX36,'[2]Availability Des25'!$C$5:$I$18,7,0),0) -> 0
A38: =A37+1 -> 33 | B38: UTAMA | C38: {=_xlfn.XLOOKUP(G38,DATABASE!$A$2:$A$806,DATABASE!$B$2:$B$806)} -> Payment Point RS Soewandi Jl. Tambakrejo No. 45-47 | D38: {=_xlfn.XLOOKUP(G38,DATABASE!$A$2:$A$808,DATABASE!$C$2:$C$808)} -> PAYMENT POINT | E38: TELKOM VPN IP | F38: EKSISTING | G38: 4700020-0020374118 | H38: 202512 | I38: 512 Kbps | L38: 196.168.168.65 /29 | M38: 4/24/2021 | O38: 0.21863 | Q38: =(O38*24*3600*30/8)/100000 -> 0.7083612 | R38: =(P38*24*3600*30/8)/100000 -> 0 | S38: 0 | T38: =(V38-S38)/V38*100% -> 1 | U38: 0.99 | V38: 720 | W38: =IF(T38<99%,((S38-V38)/720)*Y38,0) -> 0 | X38: 0.00 | Y38: 2319819 | AE38: =SUM(Y38:AD38) -> 2319819 | AF38: =IFERROR(AE38+W38,0) -> 2319819 | AJ38: 4700020-0020374118 | AK38: 512 Kbps | AM38: =VLOOKUP(AJ38,'[1]Master Jaringan Des 2025(792)'!$D$2:$E$795,2,0) -> #REF! | AN38: =AM38=AK38 -> #REF! | AO38: 2319819 | AP38: =AO38=Y38 -> TRUE | AR38: =IFERROR(VLOOKUP(AX37,'[2]Availability Des25'!$C$5:$G$18,5,0),0) -> 0 | AS38: =IFERROR(VLOOKUP(AX37,'[2]Availability Des25'!$C$5:$H$18,6,0),0) -> 0 | AT38: =IFERROR(VLOOKUP(AX37,'[2]Availability Des25'!$C$5:$I$18,7,0),0) -> 0
A39: =A38+1 -> 34 | B39: UTAMA | C39: {=_xlfn.XLOOKUP(G39,DATABASE!$A$2:$A$806,DATABASE!$B$2:$B$806)} -> Host To Host Sistem Administrasi Manunggal Satu Atap MANYAR, Dipenda, Manyar Kertoarjo | D39: {=_xlfn.XLOOKUP(G39,DATABASE!$A$2:$A$808,DATABASE!$C$2:$C$808)} -> H2H | E39: TELKOM VPN IP | F39: EKSISTING | G39: 4700020-13201 | H39: 202512 | I39: 1 Mbps | L39: 192.168.153.194 /30 | M39: 42186 | O39: 3.76 | Q39: =(O39*24*3600*30/8)/100000 -> 12.1824 | R39: =(P39*24*3600*30/8)/100000 -> 0 | S39: 0 | T39: =(V39-S39)/V39*100% -> 1 | U39: 0.99 | V39: 720 | W39: =IF(T39<99%,((S39-V39)/720)*Y39,0) -> 0 | X39: 0.00 | Y39: 2792792 | AE39: =SUM(Y39:AD39) -> 2792792 | AF39: =IFERROR(AE39+W39,0) -> 2792792 | AJ39: 4700020-13201 | AK39: 1 Mbps | AM39: =VLOOKUP(AJ39,'[1]Master Jaringan Des 2025(792)'!$D$2:$E$795,2,0) -> #REF! | AN39: =AM39=AK39 -> #REF! | AO39: 2792792 | AP39: =AO39=Y39 -> TRUE | AR39: =IFERROR(VLOOKUP(AX38,'[2]Availability Des25'!$C$5:$G$18,5,0),0) -> 0 | AS39: =IFERROR(VLOOKUP(AX38,'[2]Availability Des25'!$C$5:$H$18,6,0),0) -> 0 | AT39: =IFERROR(VLOOKUP(AX38,'[2]Availability Des25'!$C$5:$I$18,7,0),0) -> 0
A40: =A39+1 -> 35 | B40: UTAMA | C40: {=_xlfn.XLOOKUP(G40,DATABASE!$A$2:$A$806,DATABASE!$B$2:$B$806)} -> Host To Host & Anjungan Tunai Mandiri UWK, Dukuh Kupang Barat 1 | D40: {=_xlfn.XLOOKUP(G40,DATABASE!$A$2:$A$808,DATABASE!$C$2:$C$808)} -> H2H | E40: TELKOM VPN IP | F40: EKSISTING | G40: 4700020-08485 | H40: 202512 | I40: 512 Kbps | L40: 172.27.20.17 /30 | M40: 42278 | O40: 5.95 | Q40: =(O40*24*3600*30/8)/100000 -> 19.278 | R40: =(P40*24*3600*30/8)/100000 -> 0 | S40: 0 | T40: =(V40-S40)/V40*100% -> 1 | U40: 0.99 | V40: 720 | W40: =IF(T40<99%,((S40-V40)/720)*Y40,0) -> 0 | X40: 0.00 | Y40: 2319819 | AE40: =SUM(Y40:AD40) -> 2319819 | AF40: =IFERROR(AE40+W40,0) -> 2319819 | AJ40: 4700020-08485 | AK40: 512 Kbps | AM40: =VLOOKUP(AJ40,'[1]Master Jaringan Des 2025(792)'!$D$2:$E$795,2,0) -> #REF! | AN40: =AM40=AK40 -> #REF! | AO40: 2319819 | AP40: =AO40=Y40 -> TRUE | AR40: =IFERROR(VLOOKUP(AX39,'[2]Availability Des25'!$C$5:$G$18,5,0),0) -> 0 | AS40: =IFERROR(VLOOKUP(AX39,'[2]Availability Des25'!$C$5:$H$18,6,0),0) -> 0 | AT40: =IFERROR(VLOOKUP(AX39,'[2]Availability Des25'!$C$5:$I$18,7,0),0) -> 0
A41: =A40+1 -> 36 | B41: UTAMA | C41: {=_xlfn.XLOOKUP(G41,DATABASE!$A$2:$A$806,DATABASE!$B$2:$B$806)} -> ATM SMKN I, Jl. SMEA no. 4 Wonokromo | D41: {=_xlfn.XLOOKUP(G41,DATABASE!$A$2:$A$808,DATABASE!$C$2:$C$808)} -> ATM | E41: TELKOM VPN IP | F41: EKSISTING | G41: 4700020-75902 | H41: 202512 | I41: 128 Kbps | L41: 196.168.119.97 /29 | M41: 6/25/2015 | O41: 35.04 | Q41: =(O41*24*3600*30/8)/100000 -> 113.5296 | R41: =(P41*24*3600*30/8)/100000 -> 0 | S41: 0 | T41: =(V41-S41)/V41*100% -> 1 | U41: 0.99 | V41: 720 | W41: =IF(T41<99%,((S41-V41)/720)*Y41,0) -> 0 | X41: 0.00 | Y41: 1300000 | AE41: =SUM(Y41:AD41) -> 1300000 | AF41: =IFERROR(AE41+W41,0) -> 1300000 | AJ41: 4700020-75902 | AK41: 128 Kbps | AM41: =VLOOKUP(AJ41,'[1]Master Jaringan Des 2025(792)'!$D$2:$E$795,2,0) -> #REF! | AN41: =AM41=AK41 -> #REF! | AO41: 1300000 | AP41: =AO41=Y41 -> TRUE | AR41: =IFERROR(VLOOKUP(AX40,'[2]Availability Des25'!$C$5:$G$18,5,0),0) -> 0 | AS41: =IFERROR(VLOOKUP(AX40,'[2]Availability Des25'!$C$5:$H$18,6,0),0) -> 0 | AT41: =IFERROR(VLOOKUP(AX40,'[2]Availability Des25'!$C$5:$I$18,7,0),0) -> 0
A42: =A41+1 -> 37 | B42: UTAMA | C42: {=_xlfn.XLOOKUP(G42,DATABASE!$A$2:$A$806,DATABASE!$B$2:$B$806)} -> Capem PJTKI Jl. Jagir Wonokromo, Disnaker | D42: {=_xlfn.XLOOKUP(G42,DATABASE!$A$2:$A$808,DATABASE!$C$2:$C$808)} -> CAPEM | E42: TELKOM VPN IP | F42: EKSISTING | G42: 4700020-0003622335 | H42: 202512 | I42: 1 Mbps | L42: 192.168.156.38 /30 | M42: 42044 | O42: 54.01 | Q42: =(O42*24*3600*30/8)/100000 -> 174.9924 | R42: =(P42*24*3600*30/8)/100000 -> 0 | S42: 0 | T42: =(V42-S42)/V42*100% -> 1 | U42: 0.99 | V42: 720 | W42: =IF(T42<99%,((S42-V42)/720)*Y42,0) -> 0 | X42: 0.00 | Y42: 2792792 | AE42: =SUM(Y42:AD42) -> 2792792 | AF42: =IFERROR(AE42+W42,0) -> 2792792 | AJ42: 4700020-0003622335 | AK42: 1 Mbps | AM42: =VLOOKUP(AJ42,'[1]Master Jaringan Des 2025(792)'!$D$2:$E$795,2,0) -> #REF! | AN42: =AM42=AK42 -> #REF! | AO42: 2792792 | AP42: =AO42=Y42 -> TRUE | AR42: =IFERROR(VLOOKUP(AX41,'[2]Availability Des25'!$C$5:$G$18,5,0),0) -> 0 | AS42: =IFERROR(VLOOKUP(AX41,'[2]Availability Des25'!$C$5:$H$18,6,0),0) -> 0 | AT42: =IFERROR(VLOOKUP(AX41,'[2]Availability Des25'!$C$5:$I$18,7,0),0) -> 0
A43: =A42+1 -> 38 | B43: UTAMA | C43: {=_xlfn.XLOOKUP(G43,DATABASE!$A$2:$A$806,DATABASE!$B$2:$B$806)} -> ATM Royal Plasa, JL. A. Yani 16 Surabaya | D43: {=_xlfn.XLOOKUP(G43,DATABASE!$A$2:$A$808,DATABASE!$C$2:$C$808)} -> ATM | E43: TELKOM VPN IP | F43: EKSISTING | G43: 4700020-0005897003 | H43: 202512 | I43: 128 Kbps | L43: 196.168.225.57 /30 | M43: 6/18/2015 | O43: 1.25055 | Q43: =(O43*24*3600*30/8)/100000 -> 4.051782 | R43: =(P43*24*3600*30/8)/100000 -> 0 | S43: 0 | T43: =(V43-S43)/V43*100% -> 1 | U43: 0.99 | V43: 720 | W43: =IF(T43<99%,((S43-V43)/720)*Y43,0) -> 0 | X43: 0.00 | Y43: 1300000 | AE43: =SUM(Y43:AD43) -> 1300000 | AF43: =IFERROR(AE43+W43,0) -> 1300000 | AJ43: 4700020-0005897003 | AK43: 128 Kbps | AM43: =VLOOKUP(AJ43,'[1]Master Jaringan Des 2025(792)'!$D$2:$E$795,2,0) -> #REF! | AN43: =AM43=AK43 -> #REF! | AO43: 1300000 | AP43: =AO43=Y43 -> TRUE | AR43: =IFERROR(VLOOKUP(AX42,'[2]Availability Des25'!$C$5:$G$18,5,0),0) -> 0 | AS43: =IFERROR(VLOOKUP(AX42,'[2]Availability Des25'!$C$5:$H$18,6,0),0) -> 0 | AT43: =IFERROR(VLOOKUP(AX42,'[2]Availability Des25'!$C$5:$I$18,7,0),0) -> 0
A44: =A43+1 -> 39 | B44: UTAMA | C44: {=_xlfn.XLOOKUP(G44,DATABASE!$A$2:$A$806,DATABASE!$B$2:$B$806)} -> ATM Toserba Plaza, Jl. Adtya Warman No 47 Surabaya | D44: {=_xlfn.XLOOKUP(G44,DATABASE!$A$2:$A$808,DATABASE!$C$2:$C$808)} -> ATM | E44: TELKOM VPN IP | F44: EKSISTING | G44: 4700020-0006179049 | H44: 202512 | I44: 128 Kbps | L44: 196.168.230.33 /29 | M44: 42158 | O44: 15.54 | Q44: =(O44*24*3600*30/8)/100000 -> 50.3496 | R44: =(P44*24*3600*30/8)/100000 -> 0 | S44: 0 | T44: =(V44-S44)/V44*100% -> 1 | U44: 0.99 | V44: 720 | W44: =IF(T44<99%,((S44-V44)/720)*Y44,0) -> 0 | X44: 0.00 | Y44: 1300000 | AE44: =SUM(Y44:AD44) -> 1300000 | AF44: =IFERROR(AE44+W44,0) -> 1300000 | AJ44: 4700020-0006179049 | AK44: 128 Kbps | AM44: =VLOOKUP(AJ44,'[1]Master Jaringan Des 2025(792)'!$D$2:$E$795,2,0) -> #REF! | AN44: =AM44=AK44 -> #REF! | AO44: 1300000 | AP44: =AO44=Y44 -> TRUE | AR44: =IFERROR(VLOOKUP(AX43,'[2]Availability Des25'!$C$5:$G$18,5,0),0) -> 0 | AS44: =IFERROR(VLOOKUP(AX43,'[2]Availability Des25'!$C$5:$H$18,6,0),0) -> 0 | AT44: =IFERROR(VLOOKUP(AX43,'[2]Availability Des25'!$C$5:$I$18,7,0),0) -> 0
A45: =A44+1 -> 40 | B45: UTAMA | C45: {=_xlfn.XLOOKUP(G45,DATABASE!$A$2:$A$806,DATABASE!$B$2:$B$806)} -> ATM DLLAJR Prov.Jatim Jl. A. Yani 268 Surabaya | D45: {=_xlfn.XLOOKUP(G45,DATABASE!$A$2:$A$808,DATABASE!$C$2:$C$808)} -> ATM | E45: TELKOM VPN IP | F45: EKSISTING | G45: 4700020-0006250753 | H45: 202512 | I45: 128 Kbps | L45: 196.168.230.201 /29 | M45: 6/20/2016 | O45: 34.48 | Q45: =(O45*24*3600*30/8)/100000 -> 111.7152 | R45: =(P45*24*3600*30/8)/100000 -> 0 | S45: 0 | T45: =(V45-S45)/V45*100% -> 1 | U45: 0.99 | V45: 720 | W45: =IF(T45<99%,((S45-V45)/720)*Y45,0) -> 0 | X45: 0.00 | Y45: 1300000 | AE45: =SUM(Y45:AD45) -> 1300000 | AF45: =IFERROR(AE45+W45,0) -> 1300000 | AJ45: 4700020-0006250753 | AK45: 128 Kbps | AM45: =VLOOKUP(AJ45,'[1]Master Jaringan Des 2025(792)'!$D$2:$E$795,2,0) -> #REF! | AN45: =AM45=AK45 -> #REF! | AO45: 1300000 | AP45: =AO45=Y45 -> TRUE | AR45: =IFERROR(VLOOKUP(AX44,'[2]Availability Des25'!$C$5:$G$18,5,0),0) -> 0 | AS45: =IFERROR(VLOOKUP(AX44,'[2]Availability Des25'!$C$5:$H$18,6,0),0) -> 0 | AT45: =IFERROR(VLOOKUP(AX44,'[2]Availability Des25'!$C$5:$I$18,7,0),0) -> 0
A46: =A45+1 -> 41 | B46: UTAMA | C46: {=_xlfn.XLOOKUP(G46,DATABASE!$A$2:$A$806,DATABASE!$B$2:$B$806)} -> ATM Kantor BKD Prov Jatim, Jl. Jemur Andayani No 1 Surabaya | D46: {=_xlfn.XLOOKUP(G46,DATABASE!$A$2:$A$808,DATABASE!$C$2:$C$808)} -> ATM | E46: TELKOM VPN IP | F46: EKSISTING | G46: 4700020-0006250833 | H46: 202512 | I46: 128 Kbps | L46: 196.168.230.185 /29 | M46: 7/23/2015 | O46: 6.89 | Q46: =(O46*24*3600*30/8)/100000 -> 22.3236 | R46: =(P46*24*3600*30/8)/100000 -> 0 | S46: 0 | T46: =(V46-S46)/V46*100% -> 1 | U46: 0.99 | V46: 720 | W46: =IF(T46<99%,((S46-V46)/720)*Y46,0) -> 0 | X46: 0.00 | Y46: 1300000 | AE46: =SUM(Y46:AD46) -> 1300000 | AF46: =IFERROR(AE46+W46,0) -> 1300000 | AJ46: 4700020-0006250833 | AK46: 128 Kbps | AM46: =VLOOKUP(AJ46,'[1]Master Jaringan Des 2025(792)'!$D$2:$E$795,2,0) -> #REF! | AN46: =AM46=AK46 -> #REF! | AO46: 1300000 | AP46: =AO46=Y46 -> TRUE | AR46: =IFERROR(VLOOKUP(AX45,'[2]Availability Des25'!$C$5:$G$18,5,0),0) -> 0 | AS46: =IFERROR(VLOOKUP(AX45,'[2]Availability Des25'!$C$5:$H$18,6,0),0) -> 0 | AT46: =IFERROR(VLOOKUP(AX45,'[2]Availability Des25'!$C$5:$I$18,7,0),0) -> 0
A47: =A46+1 -> 42 | B47: UTAMA | C47: {=_xlfn.XLOOKUP(G47,DATABASE!$A$2:$A$806,DATABASE!$B$2:$B$806)} -> Capem Karah Agung Jl.Karah Agung No.45 Surabaya | D47: {=_xlfn.XLOOKUP(G47,DATABASE!$A$2:$A$808,DATABASE!$C$2:$C$808)} -> CAPEM | E47: TELKOM VPN IP | F47: EKSISTING | G47: 4700020-0009493261 | H47: 202512 | I47: 1 Mbps | L47: 192.168.156.158 /30 | M47: 1/16/2015 | O47: 34.95 | Q47: =(O47*24*3600*30/8)/100000 -> 113.238 | R47: =(P47*24*3600*30/8)/100000 -> 0 | S47: 0 | T47: =(V47-S47)/V47*100% -> 1 | U47: 0.99 | V47: 720 | W47: =IF(T47<99%,((S47-V47)/720)*Y47,0) -> 0 | X47: 0.00 | Y47: 2792792 | AE47: =SUM(Y47:AD47) -> 2792792 | AF47: =IFERROR(AE47+W47,0) -> 2792792 | AJ47: 4700020-0009493261 | AK47: 1 Mbps | AM47: =VLOOKUP(AJ47,'[1]Master Jaringan Des 2025(792)'!$D$2:$E$795,2,0) -> #REF! | AN47: =AM47=AK47 -> #REF! | AO47: 2792792 | AP47: =AO47=Y47 -> TRUE | AR47: =IFERROR(VLOOKUP(AX46,'[2]Availability Des25'!$C$5:$G$18,5,0),0) -> 0 | AS47: =IFERROR(VLOOKUP(AX46,'[2]Availability Des25'!$C$5:$H$18,6,0),0) -> 0 | AT47: =IFERROR(VLOOKUP(AX46,'[2]Availability Des25'!$C$5:$I$18,7,0),0) -> 0
A48: =A47+1 -> 43 | B48: UTAMA | C48: {=_xlfn.XLOOKUP(G48,DATABASE!$A$2:$A$806,DATABASE!$B$2:$B$806)} -> Capem Royal Plaza, Jl. Ahmad Yani No. 16-18 Surabaya | D48: {=_xlfn.XLOOKUP(G48,DATABASE!$A$2:$A$808,DATABASE!$C$2:$C$808)} -> CAPEM | E48: TELKOM VPN IP | F48: EKSISTING | G48: 4700020-0014087710 | H48: 202512 | I48: 1 Mbps | L48: 192.168.156.138 /30 | M48: 1/21/2015 | O48: 29.05 | Q48: =(O48*24*3600*30/8)/100000 -> 94.122 | R48: =(P48*24*3600*30/8)/100000 -> 0 | S48: 0 | T48: =(V48-S48)/V48*100% -> 1 | U48: 0.99 | V48: 720 | W48: =IF(T48<99%,((S48-V48)/720)*Y48,0) -> 0 | X48: 0.00 | Y48: 2792792 | AE48: =SUM(Y48:AD48) -> 2792792 | AF48: =IFERROR(AE48+W48,0) -> 2792792 | AJ48: 4700020-0014087710 | AK48: 1 Mbps | AM48: =VLOOKUP(AJ48,'[1]Master Jaringan Des 2025(792)'!$D$2:$E$795,2,0) -> #REF! | AN48: =AM48=AK48 -> #REF! | AO48: 2792792 | AP48: =AO48=Y48 -> TRUE | AR48: =IFERROR(VLOOKUP(AX47,'[2]Availability Des25'!$C$5:$G$18,5,0),0) -> 0 | AS48: =IFERROR(VLOOKUP(AX47,'[2]Availability Des25'!$C$5:$H$18,6,0),0) -> 0 | AT48: =IFERROR(VLOOKUP(AX47,'[2]Availability Des25'!$C$5:$I$18,7,0),0) -> 0
A49: =A48+1 -> 44 | B49: UTAMA | C49: {=_xlfn.XLOOKUP(G49,DATABASE!$A$2:$A$806,DATABASE!$B$2:$B$806)} -> Capem Kalibutuh, Jl. Kalibutuh No. 75 Surabaya | D49: {=_xlfn.XLOOKUP(G49,DATABASE!$A$2:$A$808,DATABASE!$C$2:$C$808)} -> CAPEM | E49: TELKOM VPN IP | F49: EKSISTING | G49: 4700020-0013759634 | H49: 202512 | I49: 1 Mbps | L49: 192.168.156.146 /30 | M49: 1/20/2015 | O49: 18.3 | Q49: =(O49*24*3600*30/8)/100000 -> 59.292 | R49: =(P49*24*3600*30/8)/100000 -> 0 | S49: 0 | T49: =(V49-S49)/V49*100% -> 1 | U49: 0.99 | V49: 720 | W49: =IF(T49<99%,((S49-V49)/720)*Y49,0) -> 0 | X49: 0.00 | Y49: 2792792 | AE49: =SUM(Y49:AD49) -> 2792792 | AF49: =IFERROR(AE49+W49,0) -> 2792792 | AJ49: 4700020-0013759634 | AK49: 1 Mbps | AM49: =VLOOKUP(AJ49,'[1]Master Jaringan Des 2025(792)'!$D$2:$E$795,2,0) -> #REF! | AN49: =AM49=AK49 -> #REF! | AO49: 2792792 | AP49: =AO49=Y49 -> TRUE | AR49: =IFERROR(VLOOKUP(AX48,'[2]Availability Des25'!$C$5:$G$18,5,0),0) -> 0 | AS49: =IFERROR(VLOOKUP(AX48,'[2]Availability Des25'!$C$5:$H$18,6,0),0) -> 0 | AT49: =IFERROR(VLOOKUP(AX48,'[2]Availability Des25'!$C$5:$I$18,7,0),0) -> 0
A50: =A49+1 -> 45 | B50: UTAMA | C50: {=_xlfn.XLOOKUP(G50,DATABASE!$A$2:$A$806,DATABASE!$B$2:$B$806)} -> Capem Undaan,Jl. Raya Undaan Wetan 14, Kelurahan Ketabang, Kecamatan Genteng, Surabaya | D50: {=_xlfn.XLOOKUP(G50,DATABASE!$A$2:$A$808,DATABASE!$C$2:$C$808)} -> CAPEM | E50: TELKOM VPN IP | F50: EKSISTING | G50: 1262633554 | H50: 202512 | I50: 1 Mbps | L50: 192.168.156.142 /30 | M50: 4/22/2021 | O50: 20.75 | Q50: =(O50*24*3600*30/8)/100000 -> 67.23 | R50: =(P50*24*3600*30/8)/100000 -> 0 | S50: 4.1 | T50: =(V50-S50)/V50*100% -> 0.99430556 | U50: 0.99 | V50: 720 | W50: =IF(T50<99%,((S50-V50)/720)*Y50,0) -> 0 | X50: 0.00 | Y50: 2792792 | AE50: =SUM(Y50:AD50) -> 2792792 | AF50: =IFERROR(AE50+W50,0) -> 2792792 | AJ50: 1262633554 | AK50: 1 Mbps | AM50: 1 Mbps | AN50: =AM50=AK50 -> TRUE | AO50: 2792792 | AP50: =AO50=Y50 -> TRUE | AR50: =IFERROR(VLOOKUP(AX49,'[2]Availability Des25'!$C$5:$G$18,5,0),0) -> 0 | AS50: =IFERROR(VLOOKUP(AX49,'[2]Availability Des25'!$C$5:$H$18,6,0),0) -> 0 | AT50: =IFERROR(VLOOKUP(AX49,'[2]Availability Des25'!$C$5:$I$18,7,0),0) -> 0 | AU50: SLA JAN
A51: =A50+1 -> 46 | B51: UTAMA | C51: {=_xlfn.XLOOKUP(G51,DATABASE!$A$2:$A$806,DATABASE!$B$2:$B$806)} -> ATM Kebun Binatang, Jl Setail No 1. Surabaya | D51: {=_xlfn.XLOOKUP(G51,DATABASE!$A$2:$A$808,DATABASE!$C$2:$C$808)} -> ATM | E51: TELKOM VPN IP | F51: EKSISTING | G51: 4700020-0021087609 | H51: 202512 | I51: 128 Kbps | L51: 196.168.254.17 /29 | M51: 5/27/2021 | O51: 1.59993 | Q51: =(O51*24*3600*30/8)/100000 -> 5.1837732 | R51: =(P51*24*3600*30/8)/100000 -> 0 | S51: 0 | T51: =(V51-S51)/V51*100% -> 1 | U51: 0.99 | V51: 720 | W51: =IF(T51<99%,((S51-V51)/720)*Y51,0) -> 0 | X51: 0.00 | Y51: 1300000 | AE51: =SUM(Y51:AD51) -> 1300000 | AF51: =IFERROR(AE51+W51,0) -> 1300000 | AJ51: 4700020-0021087609 | AK51: 128 Kbps | AM51: =VLOOKUP(AJ51,'[1]Master Jaringan Des 2025(792)'!$D$2:$E$795,2,0) -> #REF! | AN51: =AM51=AK51 -> #REF! | AO51: 1300000 | AP51: =AO51=Y51 -> TRUE | AR51: =IFERROR(VLOOKUP(AX50,'[2]Availability Des25'!$C$5:$G$18,5,0),0) -> 0 | AS51: =IFERROR(VLOOKUP(AX50,'[2]Availability Des25'!$C$5:$H$18,6,0),0) -> 0 | AT51: =IFERROR(VLOOKUP(AX50,'[2]Availability Des25'!$C$5:$I$18,7,0),0) -> 0
A52: =A51+1 -> 47 | B52: UTAMA | C52: {=_xlfn.XLOOKUP(G52,DATABASE!$A$2:$A$806,DATABASE!$B$2:$B$806)} -> SPP Online UWK, Jl. Dukuh Kupang XXV/54, Surabaya | D52: {=_xlfn.XLOOKUP(G52,DATABASE!$A$2:$A$808,DATABASE!$C$2:$C$808)} -> SPP ONLINE | E52: TELKOM VPN IP | F52: EKSISTING | G52: 1148375304 | H52: 202512 | I52: 512 Kbps | L52: 192.168.151.146 /30 | M52: 1/29/2020 | O52: 17.55 | Q52: =(O52*24*3600*30/8)/100000 -> 56.862 | R52: =(P52*24*3600*30/8)/100000 -> 0 | S52: 0 | T52: =(V52-S52)/V52*100% -> 1 | U52: 0.99 | V52: 720 | W52: =IF(T52<99%,((S52-V52)/720)*Y52,0) -> 0 | X52: 0.00 | Y52: 2319819 | AE52: =SUM(Y52:AD52) -> 2319819 | AF52: =IFERROR(AE52+W52,0) -> 2319819 | AH52: NON MIKROTIK | AJ52: 1148375304 | AK52: 512 Kbps | AM52: 512 Kbps | AN52: =AM52=AK52 -> TRUE | AO52: 2319819 | AP52: =AO52=Y52 -> TRUE | AR52: =IFERROR(VLOOKUP(AX51,'[2]Availability Des25'!$C$5:$G$18,5,0),0) -> 0 | AS52: =IFERROR(VLOOKUP(AX51,'[2]Availability Des25'!$C$5:$H$18,6,0),0) -> 0 | AT52: =IFERROR(VLOOKUP(AX51,'[2]Availability Des25'!$C$5:$I$18,7,0),0) -> 0
A53: =A52+1 -> 48 | B53: UTAMA | C53: {=_xlfn.XLOOKUP(G53,DATABASE!$A$2:$A$806,DATABASE!$B$2:$B$806)} -> ATM PLZ SURABAYA Jl. Pemuda 33-37, SurabayaATM PLZ SURABAYA Jl. Pemuda 33-37, Surabaya | D53: {=_xlfn.XLOOKUP(G53,DATABASE!$A$2:$A$808,DATABASE!$C$2:$C$808)} -> ATM | E53: TELKOM VPN IP | F53: EKSISTING | G53: 4700020-0021352733 | H53: 202512 | I53: 128 Kbps | L53: 196.168.102.49 /29 | M53: 42125 | O53: 1.14912 | Q53: =(O53*24*3600*30/8)/100000 -> 3.7231488 | R53: =(P53*24*3600*30/8)/100000 -> 0 | S53: 0 | T53: =(V53-S53)/V53*100% -> 1 | U53: 0.99 | V53: 720 | W53: =IF(T53<99%,((S53-V53)/720)*Y53,0) -> 0 | X53: 0.00 | Y53: 1300000 | AE53: =SUM(Y53:AD53) -> 1300000 | AF53: =IFERROR(AE53+W53,0) -> 1300000 | AJ53: 4700020-0021352733 | AK53: 128 Kbps | AM53: =VLOOKUP(AJ53,'[1]Master Jaringan Des 2025(792)'!$D$2:$E$795,2,0) -> #REF! | AN53: =AM53=AK53 -> #REF! | AO53: 1300000 | AP53: =AO53=Y53 -> TRUE | AR53: =IFERROR(VLOOKUP(AX52,'[2]Availability Des25'!$C$5:$G$18,5,0),0) -> 0 | AS53: =IFERROR(VLOOKUP(AX52,'[2]Availability Des25'!$C$5:$H$18,6,0),0) -> 0 | AT53: =IFERROR(VLOOKUP(AX52,'[2]Availability Des25'!$C$5:$I$18,7,0),0) -> 0
A54: =A53+1 -> 49 | B54: UTAMA | C54: {=_xlfn.XLOOKUP(G54,DATABASE!$A$2:$A$806,DATABASE!$B$2:$B$806)} -> ATM RSI, Jl. Jemursari 51-57, Surabaya | D54: {=_xlfn.XLOOKUP(G54,DATABASE!$A$2:$A$808,DATABASE!$C$2:$C$808)} -> ATM | E54: TELKOM VPN IP | F54: EKSISTING | G54: 4700020-0022494995 | H54: 202512 | I54: 128 Kbps | L54: 196.168.110.33 /29 | M54: 4/24/2021 | O54: 1.01572 | Q54: =(O54*24*3600*30/8)/100000 -> 3.2909328 | R54: =(P54*24*3600*30/8)/100000 -> 0 | S54: 0 | T54: =(V54-S54)/V54*100% -> 1 | U54: 0.99 | V54: 720 | W54: =IF(T54<99%,((S54-V54)/720)*Y54,0) -> 0 | X54: 0.00 | Y54: 1300000 | AE54: =SUM(Y54:AD54) -> 1300000 | AF54: =IFERROR(AE54+W54,0) -> 1300000 | AJ54: 4700020-0022494995 | AK54: 128 Kbps | AM54: =VLOOKUP(AJ54,'[1]Master Jaringan Des 2025(792)'!$D$2:$E$795,2,0) -> #REF! | AN54: =AM54=AK54 -> #REF! | AO54: 1300000 | AP54: =AO54=Y54 -> TRUE | AR54: =IFERROR(VLOOKUP(AX53,'[2]Availability Des25'!$C$5:$G$18,5,0),0) -> 0 | AS54: =IFERROR(VLOOKUP(AX53,'[2]Availability Des25'!$C$5:$H$18,6,0),0) -> 0 | AT54: =IFERROR(VLOOKUP(AX53,'[2]Availability Des25'!$C$5:$I$18,7,0),0) -> 0
A55: =A54+1 -> 50 | B55: UTAMA | C55: {=_xlfn.XLOOKUP(G55,DATABASE!$A$2:$A$806,DATABASE!$B$2:$B$806)} -> ATM RS Mata Kebonsari, Jl. Gayung Kebonsari Timur 49 Surabaya | D55: {=_xlfn.XLOOKUP(G55,DATABASE!$A$2:$A$808,DATABASE!$C$2:$C$808)} -> ATM | E55: TELKOM VPN IP | F55: EKSISTING | G55: 4700020-0027886278 | H55: 202512 | I55: 128 Kbps | L55: 196.168.113.225 /29 | M55: 12/21/2015 | O55: 1.22163 | Q55: =(O55*24*3600*30/8)/100000 -> 3.9580812 | R55: =(P55*24*3600*30/8)/100000 -> 0 | S55: 0 | T55: =(V55-S55)/V55*100% -> 1 | U55: 0.99 | V55: 720 | W55: =IF(T55<99%,((S55-V55)/720)*Y55,0) -> 0 | X55: 0.00 | Y55: 1300000 | AE55: =SUM(Y55:AD55) -> 1300000 | AF55: =IFERROR(AE55+W55,0) -> 1300000 | AJ55: 4700020-0027886278 | AK55: 128 Kbps | AM55: =VLOOKUP(AJ55,'[1]Master Jaringan Des 2025(792)'!$D$2:$E$795,2,0) -> #REF! | AN55: =AM55=AK55 -> #REF! | AO55: 1300000 | AP55: =AO55=Y55 -> TRUE | AR55: =IFERROR(VLOOKUP(AX54,'[2]Availability Des25'!$C$5:$G$18,5,0),0) -> 0 | AS55: =IFERROR(VLOOKUP(AX54,'[2]Availability Des25'!$C$5:$H$18,6,0),0) -> 0 | AT55: =IFERROR(VLOOKUP(AX54,'[2]Availability Des25'!$C$5:$I$18,7,0),0) -> 0
A56: =A55+1 -> 51 | B56: UTAMA | C56: {=_xlfn.XLOOKUP(G56,DATABASE!$A$2:$A$806,DATABASE!$B$2:$B$806)} -> ATM Basement Siola, Jl. Tunjungan No.1 Surabaya | D56: {=_xlfn.XLOOKUP(G56,DATABASE!$A$2:$A$808,DATABASE!$C$2:$C$808)} -> ATM | E56: TELKOM VPN IP | F56: EKSISTING | G56: 4700020-0028057305 | H56: 202512 | I56: 128 Kbps | L56: 196.168.113.249 /29 | M56: 42373 | O56: 7.27 | Q56: =(O56*24*3600*30/8)/100000 -> 23.5548 | R56: =(P56*24*3600*30/8)/100000 -> 0 | S56: 0 | T56: =(V56-S56)/V56*100% -> 1 | U56: 0.99 | V56: 720 | W56: =IF(T56<99%,((S56-V56)/720)*Y56,0) -> 0 | X56: 0.00 | Y56: 1300000 | AE56: =SUM(Y56:AD56) -> 1300000 | AF56: =IFERROR(AE56+W56,0) -> 1300000 | AJ56: 4700020-0028057305 | AK56: 128 Kbps | AM56: =VLOOKUP(AJ56,'[1]Master Jaringan Des 2025(792)'!$D$2:$E$795,2,0) -> #REF! | AN56: =AM56=AK56 -> #REF! | AO56: 1300000 | AP56: =AO56=Y56 -> TRUE | AR56: =IFERROR(VLOOKUP(AX55,'[2]Availability Des25'!$C$5:$G$18,5,0),0) -> 0 | AS56: =IFERROR(VLOOKUP(AX55,'[2]Availability Des25'!$C$5:$H$18,6,0),0) -> 0 | AT56: =IFERROR(VLOOKUP(AX55,'[2]Availability Des25'!$C$5:$I$18,7,0),0) -> 0
A57: =A56+1 -> 52 | B57: UTAMA | C57: {=_xlfn.XLOOKUP(G57,DATABASE!$A$2:$A$806,DATABASE!$B$2:$B$806)} -> Kantor Kas RSI Jemursari Jl.Ry Jemur Sari 81-87, Jemur Wonosari Surabaya | D57: {=_xlfn.XLOOKUP(G57,DATABASE!$A$2:$A$808,DATABASE!$C$2:$C$808)} -> KANTOR KAS | E57: TELKOM VPN IP | F57: EKSISTING | G57: 4700020-0031033820 | H57: 202512 | I57: 512 Kbps | L57: 196.168.116.33 /29 | M57: 4/24/2021 | O57: 4.23 | Q57: =(O57*24*3600*30/8)/100000 -> 13.7052 | R57: =(P57*24*3600*30/8)/100000 -> 0 | S57: 0 | T57: =(V57-S57)/V57*100% -> 1 | U57: 0.99 | V57: 720 | W57: =IF(T57<99%,((S57-V57)/720)*Y57,0) -> 0 | X57: 0.00 | Y57: 2319819 | AE57: =SUM(Y57:AD57) -> 2319819 | AF57: =IFERROR(AE57+W57,0) -> 2319819 | AJ57: 4700020-0031033820 | AK57: 512 Kbps | AM57: =VLOOKUP(AJ57,'[1]Master Jaringan Des 2025(792)'!$D$2:$E$795,2,0) -> #REF! | AN57: =AM57=AK57 -> #REF! | AO57: 2319819 | AP57: =AO57=Y57 -> TRUE | AR57: =IFERROR(VLOOKUP(AX56,'[2]Availability Des25'!$C$5:$G$18,5,0),0) -> 0 | AS57: =IFERROR(VLOOKUP(AX56,'[2]Availability Des25'!$C$5:$H$18,6,0),0) -> 0 | AT57: =IFERROR(VLOOKUP(AX56,'[2]Availability Des25'!$C$5:$I$18,7,0),0) -> 0
A58: =A57+1 -> 53 | B58: UTAMA | C58: {=_xlfn.XLOOKUP(G58,DATABASE!$A$2:$A$806,DATABASE!$B$2:$B$806)} -> Payment Point Din Tenaga Kerja&Transmigrasi Jl. Bendul Merisi 2 Surabaya | D58: {=_xlfn.XLOOKUP(G58,DATABASE!$A$2:$A$808,DATABASE!$C$2:$C$808)} -> PAYMENT POINT | E58: TELKOM VPN IP | F58: EKSISTING | G58: 4700020-0031183204 | H58: 202512 | I58: 512 Kbps | L58: 196.168.116.97 /29 | M58: 12/19/2017 | O58: 0.23465 | Q58: =(O58*24*3600*30/8)/100000 -> 0.760266 | R58: =(P58*24*3600*30/8)/100000 -> 0 | S58: 0 | T58: =(V58-S58)/V58*100% -> 1 | U58: 0.99 | V58: 720 | W58: =IF(T58<99%,((S58-V58)/720)*Y58,0) -> 0 | X58: 0.00 | Y58: 2319819 | AE58: =SUM(Y58:AD58) -> 2319819 | AF58: =IFERROR(AE58+W58,0) -> 2319819 | AJ58: 4700020-0031183204 | AK58: 512 Kbps | AM58: =VLOOKUP(AJ58,'[1]Master Jaringan Des 2025(792)'!$D$2:$E$795,2,0) -> #REF! | AN58: =AM58=AK58 -> #REF! | AO58: 2319819 | AP58: =AO58=Y58 -> TRUE | AR58: =IFERROR(VLOOKUP(AX57,'[2]Availability Des25'!$C$5:$G$18,5,0),0) -> 0 | AS58: =IFERROR(VLOOKUP(AX57,'[2]Availability Des25'!$C$5:$H$18,6,0),0) -> 0 | AT58: =IFERROR(VLOOKUP(AX57,'[2]Availability Des25'!$C$5:$I$18,7,0),0) -> 0
A59: =A58+1 -> 54 | B59: UTAMA | C59: {=_xlfn.XLOOKUP(G59,DATABASE!$A$2:$A$806,DATABASE!$B$2:$B$806)} -> Payment Point Sistem Administrasi Manunggal Satu Atap Barat Suko Manunggal, JL.Ry Tandes Lor 1 Tanjungsari Suko Manunggal Surabaya | D59: {=_xlfn.XLOOKUP(G59,DATABASE!$A$2:$A$808,DATABASE!$C$2:$C$808)} -> PAYMENT POINT | E59: TELKOM VPN IP | F59: EKSISTING | G59: 4700020-0031460046 | H59: 202512 | I59: 512 Kbps | L59: 196.168.116.161 /29 | M59: 43200 | O59: 0.75851 | Q59: =(O59*24*3600*30/8)/100000 -> 2.4575724 | R59: =(P59*24*3600*30/8)/100000 -> 0 | S59: 0 | T59: =(V59-S59)/V59*100% -> 1 | U59: 0.99 | V59: 720 | W59: =IF(T59<99%,((S59-V59)/720)*Y59,0) -> 0 | X59: 0.00 | Y59: 2319819 | AE59: =SUM(Y59:AD59) -> 2319819 | AF59: =IFERROR(AE59+W59,0) -> 2319819 | AJ59: 4700020-0031460046 | AK59: 512 Kbps | AM59: =VLOOKUP(AJ59,'[1]Master Jaringan Des 2025(792)'!$D$2:$E$795,2,0) -> #REF! | AN59: =AM59=AK59 -> #REF! | AO59: 2319819 | AP59: =AO59=Y59 -> TRUE | AR59: =IFERROR(VLOOKUP(AX58,'[2]Availability Des25'!$C$5:$G$18,5,0),0) -> 0 | AS59: =IFERROR(VLOOKUP(AX58,'[2]Availability Des25'!$C$5:$H$18,6,0),0) -> 0 | AT59: =IFERROR(VLOOKUP(AX58,'[2]Availability Des25'!$C$5:$I$18,7,0),0) -> 0
A60: =A59+1 -> 55 | B60: UTAMA | C60: {=_xlfn.XLOOKUP(G60,DATABASE!$A$2:$A$806,DATABASE!$B$2:$B$806)} -> Payment Point Sistem Administrasi Manunggal Satu Atap Jl.Jetis Seraten Ketintang Gayungan Sby | D60: {=_xlfn.XLOOKUP(G60,DATABASE!$A$2:$A$808,DATABASE!$C$2:$C$808)} -> PAYMENT POINT | E60: TELKOM VPN IP | F60: EKSISTING | G60: 4700020-0031576114 | H60: 202512 | I60: 512 Kbps | L60: 196.168.116.177 /29 | M60: 5/24/2018 | O60: 1.0131 | Q60: =(O60*24*3600*30/8)/100000 -> 3.282444 | R60: =(P60*24*3600*30/8)/100000 -> 0 | S60: 0 | T60: =(V60-S60)/V60*100% -> 1 | U60: 0.99 | V60: 720 | W60: =IF(T60<99%,((S60-V60)/720)*Y60,0) -> 0 | X60: 0.00 | Y60: 2319819 | AE60: =SUM(Y60:AD60) -> 2319819 | AF60: =IFERROR(AE60+W60,0) -> 2319819 | AJ60: 4700020-0031576114 | AK60: 512 Kbps | AM60: =VLOOKUP(AJ60,'[1]Master Jaringan Des 2025(792)'!$D$2:$E$795,2,0) -> #REF! | AN60: =AM60=AK60 -> #REF! | AO60: 2319819 | AP60: =AO60=Y60 -> TRUE | AR60: =IFERROR(VLOOKUP(AX59,'[2]Availability Des25'!$C$5:$G$18,5,0),0) -> 0 | AS60: =IFERROR(VLOOKUP(AX59,'[2]Availability Des25'!$C$5:$H$18,6,0),0) -> 0 | AT60: =IFERROR(VLOOKUP(AX59,'[2]Availability Des25'!$C$5:$I$18,7,0),0) -> 0
A61: =A60+1 -> 56 | B61: UTAMA | C61: {=_xlfn.XLOOKUP(G61,DATABASE!$A$2:$A$806,DATABASE!$B$2:$B$806)} -> Capem Darmo, Raya Darmo 35 | D61: {=_xlfn.XLOOKUP(G61,DATABASE!$A$2:$A$808,DATABASE!$C$2:$C$808)} -> CAPEM | E61: TELKOM VPN IP | F61: EKSISTING | G61: 4700020-65150 | H61: 202512 | I61: 1 Mbps | L61: 192.168.152.166 /30 | M61: 6/16/2015 | O61: 18.21 | Q61: =(O61*24*3600*30/8)/100000 -> 59.0004 | R61: =(P61*24*3600*30/8)/100000 -> 0 | S61: 0 | T61: =(V61-S61)/V61*100% -> 1 | U61: 0.99 | V61: 720 | W61: =IF(T61<99%,((S61-V61)/720)*Y61,0) -> 0 | X61: 0.00 | Y61: 2792792 | AE61: =SUM(Y61:AD61) -> 2792792 | AF61: =IFERROR(AE61+W61,0) -> 2792792 | AJ61: 4700020-65150 | AK61: 1 Mbps | AM61: =VLOOKUP(AJ61,'[1]Master Jaringan Des 2025(792)'!$D$2:$E$795,2,0) -> #REF! | AN61: =AM61=AK61 -> #REF! | AO61: 2792792 | AP61: =AO61=Y61 -> TRUE | AR61: =IFERROR(VLOOKUP(AX60,'[2]Availability Des25'!$C$5:$G$18,5,0),0) -> 0 | AS61: =IFERROR(VLOOKUP(AX60,'[2]Availability Des25'!$C$5:$H$18,6,0),0) -> 0 | AT61: =IFERROR(VLOOKUP(AX60,'[2]Availability Des25'!$C$5:$I$18,7,0),0) -> 0
A62: =A61+1 -> 57 | B62: UTAMA | C62: {=_xlfn.XLOOKUP(G62,DATABASE!$A$2:$A$806,DATABASE!$B$2:$B$806)} -> Capem UWK JL. Dukuh Kupang Barat I No. 31, Surabaya | D62: {=_xlfn.XLOOKUP(G62,DATABASE!$A$2:$A$808,DATABASE!$C$2:$C$808)} -> CAPEM | E62: TELKOM VPN IP | F62: EKSISTING | G62: 1115276795 | H62: 202512 | I62: 1 Mbps | L62: 192.168.153.10 /30 | M62: 43836 | O62: 29.22 | Q62: =(O62*24*3600*30/8)/100000 -> 94.6728 | R62: =(P62*24*3600*30/8)/100000 -> 0 | S62: 0 | T62: =(V62-S62)/V62*100% -> 1 | U62: 0.99 | V62: 720 | W62: =IF(T62<99%,((S62-V62)/720)*Y62,0) -> 0 | X62: 0.00 | Y62: 2792792 | AE62: =SUM(Y62:AD62) -> 2792792 | AF62: =IFERROR(AE62+W62,0) -> 2792792 | AJ62: 1115276795 | AK62: 1 Mbps | AM62: 1 Mbps | AN62: =AM62=AK62 -> TRUE | AO62: 2792792 | AP62: =AO62=Y62 -> TRUE | AR62: =IFERROR(VLOOKUP(AX61,'[2]Availability Des25'!$C$5:$G$18,5,0),0) -> 0 | AS62: =IFERROR(VLOOKUP(AX61,'[2]Availability Des25'!$C$5:$H$18,6,0),0) -> 0 | AT62: =IFERROR(VLOOKUP(AX61,'[2]Availability Des25'!$C$5:$I$18,7,0),0) -> 0
A63: =A62+1 -> 58 | B63: UTAMA | C63: {=_xlfn.XLOOKUP(G63,DATABASE!$A$2:$A$806,DATABASE!$B$2:$B$806)} -> Capem Injoko | D63: {=_xlfn.XLOOKUP(G63,DATABASE!$A$2:$A$808,DATABASE!$C$2:$C$808)} -> CAPEM | E63: TELKOM VPN IP | F63: EKSISTING | G63: 4700020-65934 | H63: 202512 | I63: 1 Mbps | L63: 192.168.156.34 /30 | M63: 6/20/2015 | O63: 16.32 | Q63: =(O63*24*3600*30/8)/100000 -> 52.8768 | R63: =(P63*24*3600*30/8)/100000 -> 0 | S63: 0 | T63: =(V63-S63)/V63*100% -> 1 | U63: 0.99 | V63: 720 | W63: =IF(T63<99%,((S63-V63)/720)*Y63,0) -> 0 | X63: 0.00 | Y63: 2792792 | AE63: =SUM(Y63:AD63) -> 2792792 | AF63: =IFERROR(AE63+W63,0) -> 2792792 | AJ63: 4700020-65934 | AK63: 1 Mbps | AM63: =VLOOKUP(AJ63,'[1]Master Jaringan Des 2025(792)'!$D$2:$E$795,2,0) -> #REF! | AN63: =AM63=AK63 -> #REF! | AO63: 2792792 | AP63: =AO63=Y63 -> TRUE | AR63: =IFERROR(VLOOKUP(AX62,'[2]Availability Des25'!$C$5:$G$18,5,0),0) -> 0 | AS63: =IFERROR(VLOOKUP(AX62,'[2]Availability Des25'!$C$5:$H$18,6,0),0) -> 0 | AT63: =IFERROR(VLOOKUP(AX62,'[2]Availability Des25'!$C$5:$I$18,7,0),0) -> 0
A64: =A63+1 -> 59 | B64: UTAMA | C64: {=_xlfn.XLOOKUP(G64,DATABASE!$A$2:$A$806,DATABASE!$B$2:$B$806)} -> Internet u/ Digital Lounge B.Jatim TP6 Lt3 , Jl.Basuki Rahmat 107 Surabaya | D64: {=_xlfn.XLOOKUP(G64,DATABASE!$A$2:$A$808,DATABASE!$C$2:$C$808)} -> CAPEM | E64: TELKOM VPN IP | F64: EKSISTING | G64: 943385061 | H64: 202512 | I64: 1 Mbps | L64: 192.168.150.82 /30 | M64: 10/24/2019 | O64: 6.15 | Q64: =(O64*24*3600*30/8)/100000 -> 19.926 | R64: =(P64*24*3600*30/8)/100000 -> 0 | S64: 0 | T64: =(V64-S64)/V64*100% -> 1 | U64: 0.99 | V64: 720 | W64: =IF(T64<99%,((S64-V64)/720)*Y64,0) -> 0 | X64: 0.00 | Y64: 2792792 | AE64: =SUM(Y64:AD64) -> 2792792 | AF64: =IFERROR(AE64+W64,0) -> 2792792 | AJ64: 943385061 | AK64: 1 Mbps | AM64: 1 Mbps | AN64: =AM64=AK64 -> TRUE | AO64: 2792792 | AP64: =AO64=Y64 -> TRUE | AR64: =IFERROR(VLOOKUP(AX63,'[2]Availability Des25'!$C$5:$G$18,5,0),0) -> 0 | AS64: =IFERROR(VLOOKUP(AX63,'[2]Availability Des25'!$C$5:$H$18,6,0),0) -> 0 | AT64: =IFERROR(VLOOKUP(AX63,'[2]Availability Des25'!$C$5:$I$18,7,0),0) -> 0
A65: =A64+1 -> 60 | B65: UTAMA | C65: {=_xlfn.XLOOKUP(G65,DATABASE!$A$2:$A$806,DATABASE!$B$2:$B$806)} -> ATM Jatim Expo Jl A Yani,Surabaya | D65: {=_xlfn.XLOOKUP(G65,DATABASE!$A$2:$A$808,DATABASE!$C$2:$C$808)} -> ATM | E65: TELKOM VPN IP | F65: EKSISTING | G65: 1261256999 | H65: 202512 | I65: 128 Kbps | L65: 196.168.121.81 /29 | M65: 3/23/2021 | O65: 9.73083 | Q65: =(O65*24*3600*30/8)/100000 -> 31.527889 | R65: =(P65*24*3600*30/8)/100000 -> 0 | S65: 0 | T65: =(V65-S65)/V65*100% -> 1 | U65: 0.99 | V65: 720 | W65: =IF(T65<99%,((S65-V65)/720)*Y65,0) -> 0 | X65: 0.00 | Y65: 1300000 | AE65: =SUM(Y65:AD65) -> 1300000 | AF65: =IFERROR(AE65+W65,0) -> 1300000 | AJ65: 1261256999 | AK65: 128 Kbps | AM65: 128 Kbps | AN65: =AM65=AK65 -> TRUE | AO65: 1300000 | AP65: =AO65=Y65 -> TRUE | AR65: =IFERROR(VLOOKUP(AX64,'[2]Availability Des25'!$C$5:$G$18,5,0),0) -> 0 | AS65: =IFERROR(VLOOKUP(AX64,'[2]Availability Des25'!$C$5:$H$18,6,0),0) -> 0 | AT65: =IFERROR(VLOOKUP(AX64,'[2]Availability Des25'!$C$5:$I$18,7,0),0) -> 0
A66: =A65+1 -> 61 | B66: UTAMA | C66: {=_xlfn.XLOOKUP(G66,DATABASE!$A$2:$A$806,DATABASE!$B$2:$B$806)} -> ATM BG Junction Sby, BG Junction Level 1 – A17 Bubutan, Surabaya | D66: {=_xlfn.XLOOKUP(G66,DATABASE!$A$2:$A$808,DATABASE!$C$2:$C$808)} -> ATM | E66: TELKOM VPN IP | F66: EKSISTING | G66: 1709769390 | H66: 202512 | I66: 128 Kbps | L66: 196.168.230.17 /29 | M66: 44938 | O66: 6.54 | Q66: =(O66*24*3600*30/8)/100000 -> 21.1896 | R66: =(P66*24*3600*30/8)/100000 -> 0 | S66: 0 | T66: =(V66-S66)/V66*100% -> 1 | U66: 0.99 | V66: 720 | W66: =IF(T66<99%,((S66-V66)/720)*Y66,0) -> 0 | X66: 0.00 | Y66: 1300000 | AE66: =SUM(Y66:AD66) -> 1300000 | AF66: =IFERROR(AE66+W66,0) -> 1300000 | AJ66: 1709769390 | AK66: 128 Kbps | AM66: 128 Kbps | AN66: =AM66=AK66 -> TRUE | AO66: 1300000 | AP66: =AO66=Y66 -> TRUE | AR66: =IFERROR(VLOOKUP(AX65,'[2]Availability Des25'!$C$5:$G$18,5,0),0) -> 0 | AS66: =IFERROR(VLOOKUP(AX65,'[2]Availability Des25'!$C$5:$H$18,6,0),0) -> 0 | AT66: =IFERROR(VLOOKUP(AX65,'[2]Availability Des25'!$C$5:$I$18,7,0),0) -> 0
A67: =A66+1 -> 62 | B67: UTAMA | C67: {=_xlfn.XLOOKUP(G67,DATABASE!$A$2:$A$806,DATABASE!$B$2:$B$806)} -> Kantor Kas Terminal Bungurasih, Let Jendral S Parman, Sidoarjo | D67: {=_xlfn.XLOOKUP(G67,DATABASE!$A$2:$A$808,DATABASE!$C$2:$C$808)} -> KANTOR KAS | E67: TELKOM VPN IP | F67: EKSISTING | G67: 1713913258 | H67: 202512 | I67: 512 Kbps | L67: 196.168.100.145 /28 | M67: 10/19/2024 | O67: 7.37 | Q67: =(O67*24*3600*30/8)/100000 -> 23.8788 | R67: =(P67*24*3600*30/8)/100000 -> 0 | S67: 0 | T67: =(V67-S67)/V67*100% -> 1 | U67: 0.99 | V67: 720 | W67: =IF(T67<99%,((S67-V67)/720)*Y67,0) -> 0 | X67: 0.00 | Y67: 2319819 | AE67: =SUM(Y67:AD67) -> 2319819 | AF67: =IFERROR(AE67+W67,0) -> 2319819 | AJ67: 1713913258 | AK67: 512 Kbps | AM67: 512 Kbps | AN67: =AM67=AK67 -> TRUE | AO67: 2319819 | AP67: =AO67=Y67 -> TRUE | AR67: =IFERROR(VLOOKUP(AX66,'[2]Availability Des25'!$C$5:$G$18,5,0),0) -> 0 | AS67: =IFERROR(VLOOKUP(AX66,'[2]Availability Des25'!$C$5:$H$18,6,0),0) -> 0 | AT67: =IFERROR(VLOOKUP(AX66,'[2]Availability Des25'!$C$5:$I$18,7,0),0) -> 0
A68: =A67+1 -> 63 | B68: UTAMA | C68: {=_xlfn.XLOOKUP(G68,DATABASE!$A$2:$A$806,DATABASE!$B$2:$B$806)} -> Payment Point UPTSA Surabaya Timur, Raya Menur No.31C, Surabaya | D68: {=_xlfn.XLOOKUP(G68,DATABASE!$A$2:$A$808,DATABASE!$C$2:$C$808)} -> PAYMENT POINT | E68: TELKOM VPN IP | F68: EKSISTING | G68: 1761429731 | H68: 202512 | I68: 512 Kbps | L68: 172.26.0.57 /29 | M68: 45117 | O68: 0.32534 | Q68: =(O68*24*3600*30/8)/100000 -> 1.0541016 | R68: =(P68*24*3600*30/8)/100000 -> 0 | S68: 0 | T68: =(V68-S68)/V68*100% -> 1 | U68: 0.99 | V68: 720 | W68: =IF(T68<99%,((S68-V68)/720)*Y68,0) -> 0 | X68: 0.00 | Y68: 2319819 | AE68: =SUM(Y68:AD68) -> 2319819 | AF68: =IFERROR(AE68+W68,0) -> 2319819 | AJ68: 1761429731 | AK68: 512 Kbps | AM68: 512 Kbps | AN68: =AM68=AK68 -> TRUE | AO68: 2319819 | AP68: =AO68=Y68 -> TRUE | AR68: =IFERROR(VLOOKUP(AX67,'[2]Availability Des25'!$C$5:$G$18,5,0),0) -> 0 | AS68: =IFERROR(VLOOKUP(AX67,'[2]Availability Des25'!$C$5:$H$18,6,0),0) -> 0 | AT68: =IFERROR(VLOOKUP(AX67,'[2]Availability Des25'!$C$5:$I$18,7,0),0) -> 0
A69: =A68+1 -> 64 | B69: UTAMA | C69: {=_xlfn.XLOOKUP(G69,DATABASE!$A$2:$A$806,DATABASE!$B$2:$B$806)} -> Payment Point BKP PEMKOT SBY, Jimerto 25 - 27 Surabaya | D69: {=_xlfn.XLOOKUP(G69,DATABASE!$A$2:$A$808,DATABASE!$C$2:$C$808)} -> PAYMENT POINT | E69: TELKOM VPN IP | F69: EKSISTING | G69: 1761389108 | H69: 202512 | I69: 512 Kbps | L69: 172.26.0.65 /29 | M69: 45110 | O69: 0.33709 | Q69: =(O69*24*3600*30/8)/100000 -> 1.0921716 | R69: =(P69*24*3600*30/8)/100000 -> 0 | S69: 0 | T69: =(V69-S69)/V69*100% -> 1 | U69: 0.99 | V69: 720 | W69: =IF(T69<99%,((S69-V69)/720)*Y69,0) -> 0 | X69: 0.00 | Y69: 2319819 | AE69: =SUM(Y69:AD69) -> 2319819 | AF69: =IFERROR(AE69+W69,0) -> 2319819 | AJ69: 1761389108 | AK69: 512 Kbps | AM69: 512 Kbps | AN69: =AM69=AK69 -> TRUE | AO69: 2319819 | AP69: =AO69=Y69 -> TRUE | AR69: =IFERROR(VLOOKUP(AX68,'[2]Availability Des25'!$C$5:$G$18,5,0),0) -> 0 | AS69: =IFERROR(VLOOKUP(AX68,'[2]Availability Des25'!$C$5:$H$18,6,0),0) -> 0 | AT69: =IFERROR(VLOOKUP(AX68,'[2]Availability Des25'!$C$5:$I$18,7,0),0) -> 0
A70: =A69+1 -> 65 | B70: UTAMA | C70: {=_xlfn.XLOOKUP(G70,DATABASE!$A$2:$A$806,DATABASE!$B$2:$B$806)} -> CRM Yayasan Khadijah Jl. Ahmad Yani No. 2-4, Surabaya (Anjungan Tunai Mandiri Center) | D70: {=_xlfn.XLOOKUP(G70,DATABASE!$A$2:$A$808,DATABASE!$C$2:$C$808)} -> CRM | E70: TELKOM VPN IP | F70: EKSISTING | G70: 1916899203 | H70: 202512 | I70: 128 Kbps | L70: 172.26.0.105 /29 | M70: 45301 | O70: 0.85449 | Q70: =(O70*24*3600*30/8)/100000 -> 2.7685476 | R70: =(P70*24*3600*30/8)/100000 -> 0 | S70: 0 | T70: =(V70-S70)/V70*100% -> 1 | U70: 0.99 | V70: 720 | W70: =IF(T70<99%,((S70-V70)/720)*Y70,0) -> 0 | X70: 0.00 | Y70: 1300000 | AE70: =SUM(Y70:AD70) -> 1300000 | AF70: =IFERROR(AE70+W70,0) -> 1300000 | AJ70: 1916899203 | AK70: 128 Kbps | AM70: 128 Kbps | AN70: =AM70=AK70 -> TRUE | AO70: 1300000 | AP70: =AO70=Y70 -> TRUE | AR70: =IFERROR(VLOOKUP(AX69,'[2]Availability Des25'!$C$5:$G$18,5,0),0) -> 0 | AS70: =IFERROR(VLOOKUP(AX69,'[2]Availability Des25'!$C$5:$H$18,6,0),0) -> 0 | AT70: =IFERROR(VLOOKUP(AX69,'[2]Availability Des25'!$C$5:$I$18,7,0),0) -> 0
A71: =A70+1 -> 66 | B71: UTAMA | C71: {=_xlfn.XLOOKUP(G71,DATABASE!$A$2:$A$806,DATABASE!$B$2:$B$806)} -> Payment Point SPP Nambangan Surabaya, JL Nambangan No 1 Tanah Kali Kedinding, Surabaya | D71: {=_xlfn.XLOOKUP(G71,DATABASE!$A$2:$A$808,DATABASE!$C$2:$C$808)} -> PAYMENT POINT | E71: TELKOM VPN IP | F71: EKSISTING | G71: 2028280549 | H71: 202512 | I71: 512 Kbps | L71: 172.26.0.209 /29 | M71: 45537 | O71: 3.44 | Q71: =(O71*24*3600*30/8)/100000 -> 11.1456 | R71: =(P71*24*3600*30/8)/100000 -> 0 | S71: 0 | T71: =(V71-S71)/V71*100% -> 1 | U71: 0.99 | V71: 720 | W71: =IF(T71<99%,((S71-V71)/720)*Y71,0) -> 0 | X71: 0.00 | Y71: 2319819 | AE71: =SUM(Y71:AD71) -> 2319819 | AF71: =IFERROR(AE71+W71,0) -> 2319819 | AJ71: 2028280549 | AK71: 512 Kbps | AM71: 512 Kbps | AN71: =AM71=AK71 -> TRUE | AO71: 2319819 | AP71: =AO71=Y71 -> TRUE | AR71: =IFERROR(VLOOKUP(AX70,'[2]Availability Des25'!$C$5:$G$18,5,0),0) -> 0 | AS71: =IFERROR(VLOOKUP(AX70,'[2]Availability Des25'!$C$5:$H$18,6,0),0) -> 0 | AT71: =IFERROR(VLOOKUP(AX70,'[2]Availability Des25'!$C$5:$I$18,7,0),0) -> 0
A72: =A71+1 -> 67 | B72: UTAMA | C72: {=_xlfn.XLOOKUP(G72,DATABASE!$A$2:$A$806,DATABASE!$B$2:$B$806)} -> Kantor Fungsional RS Bhakti Dharma Husada Surabaya,JL Raya Kendung No 115-117 Surabaya | D72: {=_xlfn.XLOOKUP(G72,DATABASE!$A$2:$A$808,DATABASE!$C$2:$C$808)} -> KANTOR FUNGSIONAL | E72: TELKOM VPN IP | F72: EKSISTING | G72: 2030021918 | H72: 202512 | I72: 512 Kbps | L72: 172.26.0.233 /29 | M72: 45545 | O72: 9.18 | Q72: =(O72*24*3600*30/8)/100000 -> 29.7432 | R72: =(P72*24*3600*30/8)/100000 -> 0 | S72: 0 | T72: =(V72-S72)/V72*100% -> 1 | U72: 0.99 | V72: 720 | W72: =IF(T72<99%,((S72-V72)/720)*Y72,0) -> 0 | X72: 0.00 | Y72: 2319819 | AE72: =SUM(Y72:AD72) -> 2319819 | AF72: =IFERROR(AE72+W72,0) -> 2319819 | AJ72: 2030021918 | AK72: 512 Kbps | AM72: 512 Kbps | AN72: =AM72=AK72 -> TRUE | AO72: 2319819 | AP72: =AO72=Y72 -> TRUE | AR72: =IFERROR(VLOOKUP(AX71,'[2]Availability Des25'!$C$5:$G$18,5,0),0) -> 0 | AS72: =IFERROR(VLOOKUP(AX71,'[2]Availability Des25'!$C$5:$H$18,6,0),0) -> 0 | AT72: =IFERROR(VLOOKUP(AX71,'[2]Availability Des25'!$C$5:$I$18,7,0),0) -> 0
A73: =A72+1 -> 68 | B73: UTAMA | C73: {=_xlfn.XLOOKUP(G73,DATABASE!$A$2:$A$806,DATABASE!$B$2:$B$806)} -> Payment Point SPP Joyoboyo, GD TIJ LT3 JL Joyoboyo No 1 Sawugaling Kec Wonokromo Surabaya | D73: {=_xlfn.XLOOKUP(G73,DATABASE!$A$2:$A$808,DATABASE!$C$2:$C$808)} -> PAYMENT POINT | E73: TELKOM VPN IP | F73: EKSISTING | G73: 2030055106 | H73: 202512 | I73: 512 Kbps | L73: 172.26.0.201 /29 | M73: 42342 | O73: 2.0175 | Q73: =(O73*24*3600*30/8)/100000 -> 6.5367 | R73: =(P73*24*3600*30/8)/100000 -> 0 | S73: 0 | T73: =(V73-S73)/V73*100% -> 1 | U73: 0.99 | V73: 720 | W73: =IF(T73<99%,((S73-V73)/720)*Y73,0) -> 0 | X73: 0.00 | Y73: 2319819 | AE73: =SUM(Y73:AD73) -> 2319819 | AF73: =IFERROR(AE73+W73,0) -> 2319819 | AJ73: 2030055106 | AK73: 512 Kbps | AM73: 512 Kbps | AN73: =AM73=AK73 -> TRUE | AO73: 2319819 | AP73: =AO73=Y73 -> TRUE | AR73: =IFERROR(VLOOKUP(AX72,'[2]Availability Des25'!$C$5:$G$18,5,0),0) -> 0 | AS73: =IFERROR(VLOOKUP(AX72,'[2]Availability Des25'!$C$5:$H$18,6,0),0) -> 0 | AT73: =IFERROR(VLOOKUP(AX72,'[2]Availability Des25'!$C$5:$I$18,7,0),0) -> 0
A74: =A73+1 -> 69 | B74: UTAMA | C74: {=_xlfn.XLOOKUP(G74,DATABASE!$A$2:$A$806,DATABASE!$B$2:$B$806)} -> Payment Point S P P Pakal Surabaya, Taman Cahaya JL Raya Pakal Surabaya | D74: {=_xlfn.XLOOKUP(G74,DATABASE!$A$2:$A$808,DATABASE!$C$2:$C$808)} -> PAYMENT POINT | E74: TELKOM VPN IP | F74: EKSISTING | G74: 2045612475 | H74: 202512 | I74: 512 Kbps | L74: 172.26.0.217 /29 | M74: 9/25/2024 | O74: 1.76228 | Q74: =(O74*24*3600*30/8)/100000 -> 5.7097872 | R74: =(P74*24*3600*30/8)/100000 -> 0 | S74: 0 | T74: =(V74-S74)/V74*100% -> 1 | U74: 0.99 | V74: 720 | W74: =IF(T74<99%,((S74-V74)/720)*Y74,0) -> 0 | X74: 0.00 | Y74: 2319819 | AE74: =SUM(Y74:AD74) -> 2319819 | AF74: =IFERROR(AE74+W74,0) -> 2319819 | AJ74: 2045612475 | AK74: 512 Kbps | AM74: 512 Kbps | AN74: =AM74=AK74 -> TRUE | AO74: 2319819 | AP74: =AO74=Y74 -> TRUE | AR74: =IFERROR(VLOOKUP(AX73,'[2]Availability Des25'!$C$5:$G$18,5,0),0) -> 0 | AS74: =IFERROR(VLOOKUP(AX73,'[2]Availability Des25'!$C$5:$H$18,6,0),0) -> 0 | AT74: =IFERROR(VLOOKUP(AX73,'[2]Availability Des25'!$C$5:$I$18,7,0),0) -> 0
A75: =A74+1 -> 70 | B75: UTAMA | C75: {=_xlfn.XLOOKUP(G75,DATABASE!$A$2:$A$808,DATABASE!$B$2:$B$808)} -> UPTD 6 Surabaya, Jl. Raya Menganti 247 Surabaya | D75: {=_xlfn.XLOOKUP(G75,DATABASE!$A$2:$A$808,DATABASE!$C$2:$C$808)} -> UPTD | E75: TELKOM VPN IP | F75: EKSISTING | G75: 1155267840 | H75: 202512 | I75: 512 Kbps | L75: 196.168.107.233/29 | M75: 1/28/2020 | O75: 0.06018 | Q75: 0 | R75: 0 | S75: 2.2 | T75: =(V75-S75)/V75*100% -> 0.99694444 | U75: 0.99 | V75: 720 | W75: =IF(T75<99%,((S75-V75)/720)*Y75,0) -> 0 | X75: 0.00 | Y75: 2319819 | AE75: 2319819 | AF75: =IFERROR(AE75+W75,0) -> 2319819 | AJ75: 1155267840 | AK75: 512 Kbps | AM75: =VLOOKUP(AJ75,'[1]Master Jaringan Des 2025(792)'!$D$2:$E$795,2,0) -> #REF! | AN75: =AM75=AK75 -> #REF! | AO75: 2319819 | AP75: =AO75=Y75 -> TRUE | AR75: =IFERROR(VLOOKUP(AX74,'[2]Availability Des25'!$C$5:$G$18,5,0),0) -> 0 | AS75: =IFERROR(VLOOKUP(AX74,'[2]Availability Des25'!$C$5:$H$18,6,0),0) -> 0 | AT75: =IFERROR(VLOOKUP(AX74,'[2]Availability Des25'!$C$5:$I$18,7,0),0) -> 0
A76: =A75+1 -> 71 | B76: BANYUWANGI | C76: {=_xlfn.XLOOKUP(G76,DATABASE!$A$2:$A$806,DATABASE!$B$2:$B$806)} -> Cabang Banyuwangi, Jl Basuki Rahmat Banyuwangi | D76: {=_xlfn.XLOOKUP(G76,DATABASE!$A$2:$A$808,DATABASE!$C$2:$C$808)} -> CABANG | E76: TELKOM VPN IP | F76: EKSISTING | G76: 4700020-65338 | H76: 202512 | I76: 2 Mbps | L76: 192.168.152.126 /30 | M76: 6/17/2015 | O76: 118.98 | S76: 0 | T76: =(V76-S76)/V76*100% -> 1 | U76: 0.99 | V76: 720 | W76: =IF(T76<99%,((S76-V76)/720)*Y76,0) -> 0 | X76: 0.00 | Y76: 3671171 | AE76: =SUM(Y76:AD76) -> 3671171 | AF76: =IFERROR(AE76+W76,0) -> 3671171 | AG76: 54676113 | AJ76: 4700020-65338 | AK76: 2 Mbps | AM76: =VLOOKUP(AJ76,'[1]Master Jaringan Des 2025(792)'!$D$2:$E$795,2,0) -> #REF! | AN76: =AM76=AK76 -> #REF! | AO76: 3671171 | AP76: =AO76=Y76 -> TRUE | AR76: =IFERROR(VLOOKUP(AX75,'[2]Availability Des25'!$C$5:$G$18,5,0),0) -> 0 | AS76: =IFERROR(VLOOKUP(AX75,'[2]Availability Des25'!$C$5:$H$18,6,0),0) -> 0 | AT76: =IFERROR(VLOOKUP(AX75,'[2]Availability Des25'!$C$5:$I$18,7,0),0) -> 0
A77: =A76+1 -> 72 | B77: BANYUWANGI | C77: {=_xlfn.XLOOKUP(G77,DATABASE!$A$2:$A$806,DATABASE!$B$2:$B$806)} -> Capem Gambiran Banyuwangi, Yos Sudarso 72, Banyuwangi | D77: {=_xlfn.XLOOKUP(G77,DATABASE!$A$2:$A$808,DATABASE!$C$2:$C$808)} -> CAPEM | E77: TELKOM VPN IP | F77: EKSISTING | G77: 4700020-14216 | H77: 202512 | I77: 1 Mbps | L77: 192.168.153.174 /30 | M77: 42156 | O77: 17.63 | Q77: =(O77*24*3600*30/8)/100000 -> 57.1212 | R77: =(P77*24*3600*30/8)/100000 -> 0 | S77: 0 | T77: =(V77-S77)/V77*100% -> 1 | U77: 0.99 | V77: 720 | W77: =IF(T77<99%,((S77-V77)/720)*Y77,0) -> 0 | X77: 0.00 | Y77: 2792792 | AE77: =SUM(Y77:AD77) -> 2792792 | AF77: =IFERROR(AE77+W77,0) -> 2792792 | AJ77: 4700020-14216 | AK77: 1 Mbps | AM77: =VLOOKUP(AJ77,'[1]Master Jaringan Des 2025(792)'!$D$2:$E$795,2,0) -> #REF! | AN77: =AM77=AK77 -> #REF! | AO77: 2792792 | AP77: =AO77=Y77 -> TRUE | AR77: =IFERROR(VLOOKUP(AX76,'[2]Availability Des25'!$C$5:$G$18,5,0),0) -> 0 | AS77: =IFERROR(VLOOKUP(AX76,'[2]Availability Des25'!$C$5:$H$18,6,0),0) -> 0 | AT77: =IFERROR(VLOOKUP(AX76,'[2]Availability Des25'!$C$5:$I$18,7,0),0) -> 0
A78: =A77+1 -> 73 | B78: BANYUWANGI | C78: {=_xlfn.XLOOKUP(G78,DATABASE!$A$2:$A$806,DATABASE!$B$2:$B$806)} -> Samsat Online Capem Glenmore, komp Ruko Karang Glenmor | D78: {=_xlfn.XLOOKUP(G78,DATABASE!$A$2:$A$808,DATABASE!$C$2:$C$808)} -> SAMSAT ONLINE | E78: TELKOM VPN IP | F78: EKSISTING | G78: 4700020-61436 | H78: 202512 | I78: 256 Kbps | L78: 172.200.76.1 /24 | M78: 2/16/4700 | O78: 0.13741 | Q78: =(O78*24*3600*30/8)/100000 -> 0.4452084 | R78: =(P78*24*3600*30/8)/100000 -> 0 | S78: 0 | T78: =(V78-S78)/V78*100% -> 1 | U78: 0.99 | V78: 720 | W78: =IF(T78<99%,((S78-V78)/720)*Y78,0) -> 0 | X78: 0.00 | Y78: 1950000 | AE78: =SUM(Y78:AD78) -> 1950000 | AF78: =IFERROR(AE78+W78,0) -> 1950000 | AJ78: 4700020-61436 | AK78: 256 Kbps | AM78: =VLOOKUP(AJ78,'[1]Master Jaringan Des 2025(792)'!$D$2:$E$795,2,0) -> #REF! | AN78: =AM78=AK78 -> #REF! | AO78: 1950000 | AP78: =AO78=Y78 -> TRUE | AR78: =IFERROR(VLOOKUP(AX77,'[2]Availability Des25'!$C$5:$G$18,5,0),0) -> 0 | AS78: =IFERROR(VLOOKUP(AX77,'[2]Availability Des25'!$C$5:$H$18,6,0),0) -> 0 | AT78: =IFERROR(VLOOKUP(AX77,'[2]Availability Des25'!$C$5:$I$18,7,0),0) -> 0
A79: =A78+1 -> 74 | B79: BANYUWANGI | C79: {=_xlfn.XLOOKUP(G79,DATABASE!$A$2:$A$806,DATABASE!$B$2:$B$806)} -> Capem Pesanggaran, Jl. Sukarjo | D79: {=_xlfn.XLOOKUP(G79,DATABASE!$A$2:$A$808,DATABASE!$C$2:$C$808)} -> CAPEM | E79: TELKOM VPN IP | F79: EKSISTING | G79: 4700020-0001612801 | H79: 202512 | I79: 1 Mbps | L79: 192.168.153.250 /30 | M79: 12/21/2015 | O79: 20.32 | Q79: =(O79*24*3600*30/8)/100000 -> 65.8368 | R79: =(P79*24*3600*30/8)/100000 -> 0 | S79: 0 | T79: =(V79-S79)/V79*100% -> 1 | U79: 0.99 | V79: 720 | W79: =IF(T79<99%,((S79-V79)/720)*Y79,0) -> 0 | X79: 0.00 | Y79: 2792792 | AE79: =SUM(Y79:AD79) -> 2792792 | AF79: =IFERROR(AE79+W79,0) -> 2792792 | AJ79: 4700020-0001612801 | AK79: 1 Mbps | AM79: =VLOOKUP(AJ79,'[1]Master Jaringan Des 2025(792)'!$D$2:$E$795,2,0) -> #REF! | AN79: =AM79=AK79 -> #REF! | AO79: 2792792 | AP79: =AO79=Y79 -> TRUE | AR79: =IFERROR(VLOOKUP(AX78,'[2]Availability Des25'!$C$5:$G$18,5,0),0) -> 0 | AS79: =IFERROR(VLOOKUP(AX78,'[2]Availability Des25'!$C$5:$H$18,6,0),0) -> 0 | AT79: =IFERROR(VLOOKUP(AX78,'[2]Availability Des25'!$C$5:$I$18,7,0),0) -> 0
A80: =A79+1 -> 75 | B80: BANYUWANGI | C80: {=_xlfn.XLOOKUP(G80,DATABASE!$A$2:$A$806,DATABASE!$B$2:$B$806)} -> Capem Glenmore Cab Banyuwangi , Jl. Untung Suropati No. 44 B, Glenmore, Banyuwangi | D80: {=_xlfn.XLOOKUP(G80,DATABASE!$A$2:$A$808,DATABASE!$C$2:$C$808)} -> CAPEM | E80: TELKOM VPN IP | F80: EKSISTING | G80: 4700020-0013914552 | H80: 202512 | I80: 1 Mbps | L80: 192.168.156.170 /30 | M80: 42251 | O80: 17.52 | Q80: =(O80*24*3600*30/8)/100000 -> 56.7648 | R80: =(P80*24*3600*30/8)/100000 -> 0 | S80: 0.5 | T80: =(V80-S80)/V80*100% -> 0.99930556 | U80: 0.99 | V80: 720 | W80: =IF(T80<99%,((S80-V80)/720)*Y80,0) -> 0 | X80: 0.00 | Y80: 2792792 | AE80: =SUM(Y80:AD80) -> 2792792 | AF80: =IFERROR(AE80+W80,0) -> 2792792 | AJ80: 4700020-0013914552 | AK80: 1 Mbps | AM80: =VLOOKUP(AJ80,'[1]Master Jaringan Des 2025(792)'!$D$2:$E$795,2,0) -> #REF! | AN80: =AM80=AK80 -> #REF! | AO80: 2792792 | AP80: =AO80=Y80 -> TRUE | AR80: =IFERROR(VLOOKUP(AX79,'[2]Availability Des25'!$C$5:$G$18,5,0),0) -> 0 | AS80: =IFERROR(VLOOKUP(AX79,'[2]Availability Des25'!$C$5:$H$18,6,0),0) -> 0 | AT80: =IFERROR(VLOOKUP(AX79,'[2]Availability Des25'!$C$5:$I$18,7,0),0) -> 0 | AU80: SLA JAN
A81: =A80+1 -> 76 | B81: BANYUWANGI | C81: {=_xlfn.XLOOKUP(G81,DATABASE!$A$2:$A$806,DATABASE!$B$2:$B$806)} -> Capem Wongsorejo, Dusun Galekan, Desa Bajulmati | D81: {=_xlfn.XLOOKUP(G81,DATABASE!$A$2:$A$808,DATABASE!$C$2:$C$808)} -> CAPEM | E81: TELKOM VPN IP | F81: EKSISTING | G81: 4700020-0020128728 | H81: 202512 | I81: 1 Mbps | L81: 192.168.156.166 /30 | M81: 42288 | O81: 29.61 | Q81: =(O81*24*3600*30/8)/100000 -> 95.9364 | R81: =(P81*24*3600*30/8)/100000 -> 0 | S81: 0 | T81: =(V81-S81)/V81*100% -> 1 | U81: 0.99 | V81: 720 | W81: =IF(T81<99%,((S81-V81)/720)*Y81,0) -> 0 | X81: 0.00 | Y81: 2792792 | AE81: =SUM(Y81:AD81) -> 2792792 | AF81: =IFERROR(AE81+W81,0) -> 2792792 | AJ81: 4700020-0020128728 | AK81: 1 Mbps | AM81: =VLOOKUP(AJ81,'[1]Master Jaringan Des 2025(792)'!$D$2:$E$795,2,0) -> #REF! | AN81: =AM81=AK81 -> #REF! | AO81: 2792792 | AP81: =AO81=Y81 -> TRUE | AR81: =IFERROR(VLOOKUP(AX80,'[2]Availability Des25'!$C$5:$G$18,5,0),0) -> 0 | AS81: =IFERROR(VLOOKUP(AX80,'[2]Availability Des25'!$C$5:$H$18,6,0),0) -> 0 | AT81: =IFERROR(VLOOKUP(AX80,'[2]Availability Des25'!$C$5:$I$18,7,0),0) -> 0
A82: =A81+1 -> 77 | B82: BANYUWANGI | C82: {=_xlfn.XLOOKUP(G82,DATABASE!$A$2:$A$806,DATABASE!$B$2:$B$806)} -> Kantor Kas Gendoh Jl Raya Gendoh Sempu Banyuwangi | D82: {=_xlfn.XLOOKUP(G82,DATABASE!$A$2:$A$808,DATABASE!$C$2:$C$808)} -> KANTOR KAS | E82: TELKOM VPN IP | F82: EKSISTING | G82: 1212913292 | H82: 202512 | I82: 512 Kbps | L82: 196.168.252.33 /29 | M82: 7/16/2020 | O82: 48.32 | Q82: =(O82*24*3600*30/8)/100000 -> 156.5568 | R82: =(P82*24*3600*30/8)/100000 -> 0 | S82: 2.45 | T82: =(V82-S82)/V82*100% -> 0.99659722 | U82: 0.99 | V82: 720 | W82: =IF(T82<99%,((S82-V82)/720)*Y82,0) -> 0 | X82: 0.00 | Y82: 2319819 | AE82: =SUM(Y82:AD82) -> 2319819 | AF82: =IFERROR(AE82+W82,0) -> 2319819 | AJ82: 1212913292 | AK82: 512 Kbps | AM82: 512 Kbps | AN82: =AM82=AK82 -> TRUE | AO82: 2319819 | AP82: =AO82=Y82 -> TRUE | AR82: =IFERROR(VLOOKUP(AX81,'[2]Availability Des25'!$C$5:$G$18,5,0),0) -> 0 | AS82: =IFERROR(VLOOKUP(AX81,'[2]Availability Des25'!$C$5:$H$18,6,0),0) -> 0 | AT82: =IFERROR(VLOOKUP(AX81,'[2]Availability Des25'!$C$5:$I$18,7,0),0) -> 0
A83: =A82+1 -> 78 | B83: BANYUWANGI | C83: {=_xlfn.XLOOKUP(G83,DATABASE!$A$2:$A$806,DATABASE!$B$2:$B$806)} -> Samsat Online Capem Pesanggaran, Jl Sukarjo Pesanggaran 51 BWI | D83: {=_xlfn.XLOOKUP(G83,DATABASE!$A$2:$A$808,DATABASE!$C$2:$C$808)} -> SAMSAT ONLINE | E83: TELKOM VPN IP | F83: EKSISTING | G83: 4700020-0021352469 | H83: 202512 | I83: 256 Kbps | L83: 172.20.76.1 /27 | M83: 42125 | O83: 2.47601 | Q83: =(O83*24*3600*30/8)/100000 -> 8.0222724 | R83: =(P83*24*3600*30/8)/100000 -> 0 | S83: 0 | T83: =(V83-S83)/V83*100% -> 1 | U83: 0.99 | V83: 720 | W83: =IF(T83<99%,((S83-V83)/720)*Y83,0) -> 0 | X83: 0.00 | Y83: 1950000 | AE83: =SUM(Y83:AD83) -> 1950000 | AF83: =IFERROR(AE83+W83,0) -> 1950000 | AJ83: 4700020-0021352469 | AK83: 256 Kbps | AM83: =VLOOKUP(AJ83,'[1]Master Jaringan Des 2025(792)'!$D$2:$E$795,2,0) -> #REF! | AN83: =AM83=AK83 -> #REF! | AO83: 1950000 | AP83: =AO83=Y83 -> TRUE | AR83: =IFERROR(VLOOKUP(AX82,'[2]Availability Des25'!$C$5:$G$18,5,0),0) -> 0 | AS83: =IFERROR(VLOOKUP(AX82,'[2]Availability Des25'!$C$5:$H$18,6,0),0) -> 0 | AT83: =IFERROR(VLOOKUP(AX82,'[2]Availability Des25'!$C$5:$I$18,7,0),0) -> 0
A84: =A83+1 -> 79 | B84: BANYUWANGI | C84: {=_xlfn.XLOOKUP(G84,DATABASE!$A$2:$A$806,DATABASE!$B$2:$B$806)} -> Payment Point Pelindo BWI, Jl. Raya Situbondo Ketapang Banyuwangi | D84: {=_xlfn.XLOOKUP(G84,DATABASE!$A$2:$A$808,DATABASE!$C$2:$C$808)} -> PAYMENT POINT | E84: TELKOM VPN IP | F84: EKSISTING | G84: 1218283235 | H84: 202512 | I84: 512 Kbps | L84: 196.168.109.145 /29 | M84: 9/14/2020 | O84: 5.51 | Q84: =(O84*24*3600*30/8)/100000 -> 17.8524 | R84: =(P84*24*3600*30/8)/100000 -> 0 | S84: 0 | T84: =(V84-S84)/V84*100% -> 1 | U84: 0.99 | V84: 720 | W84: =IF(T84<99%,((S84-V84)/720)*Y84,0) -> 0 | X84: 0.00 | Y84: 2319819 | AE84: =SUM(Y84:AD84) -> 2319819 | AF84: =IFERROR(AE84+W84,0) -> 2319819 | AJ84: 1218283235 | AK84: 512 Kbps | AM84: 512 Kbps | AN84: =AM84=AK84 -> TRUE | AO84: 2319819 | AP84: =AO84=Y84 -> TRUE | AR84: =IFERROR(VLOOKUP(AX83,'[2]Availability Des25'!$C$5:$G$18,5,0),0) -> 0 | AS84: =IFERROR(VLOOKUP(AX83,'[2]Availability Des25'!$C$5:$H$18,6,0),0) -> 0 | AT84: =IFERROR(VLOOKUP(AX83,'[2]Availability Des25'!$C$5:$I$18,7,0),0) -> 0
A85: =A84+1 -> 80 | B85: BANYUWANGI | C85: {=_xlfn.XLOOKUP(G85,DATABASE!$A$2:$A$806,DATABASE!$B$2:$B$806)} -> ATM BAPENDA Banyuwangi, Jl. Agung Suprapto No. 140 Mojopanggung Banyuwangi | D85: {=_xlfn.XLOOKUP(G85,DATABASE!$A$2:$A$808,DATABASE!$C$2:$C$808)} -> ATM | E85: TELKOM VPN IP | F85: EKSISTING | G85: 1109374780 | H85: 202512 | I85: 128 Kbps | L85: 196.168.109.153 /29 | M85: 11/14/2019 | O85: 0.05831 | Q85: =(O85*24*3600*30/8)/100000 -> 0.1889244 | R85: =(P85*24*3600*30/8)/100000 -> 0 | S85: 0 | T85: =(V85-S85)/V85*100% -> 1 | U85: 0.99 | V85: 720 | W85: =IF(T85<99%,((S85-V85)/720)*Y85,0) -> 0 | X85: 0.00 | Y85: 1300000 | AE85: =SUM(Y85:AD85) -> 1300000 | AF85: =IFERROR(AE85+W85,0) -> 1300000 | AJ85: 1109374780 | AK85: 128 Kbps | AM85: 128 Kbps | AN85: =AM85=AK85 -> TRUE | AO85: 1300000 | AP85: =AO85=Y85 -> TRUE | AR85: =IFERROR(VLOOKUP(AX84,'[2]Availability Des25'!$C$5:$G$18,5,0),0) -> 0 | AS85: =IFERROR(VLOOKUP(AX84,'[2]Availability Des25'!$C$5:$H$18,6,0),0) -> 0 | AT85: =IFERROR(VLOOKUP(AX84,'[2]Availability Des25'!$C$5:$I$18,7,0),0) -> 0
A86: =A85+1 -> 81 | B86: BANYUWANGI | C86: {=_xlfn.XLOOKUP(G86,DATABASE!$A$2:$A$806,DATABASE!$B$2:$B$806)} -> ATM Pemkab BWI, Jl. A. Yani No.100 Banyuwangi | D86: {=_xlfn.XLOOKUP(G86,DATABASE!$A$2:$A$808,DATABASE!$C$2:$C$808)} -> ATM | E86: TELKOM VPN IP | F86: EKSISTING | G86: 4700020-0028304368 | H86: 202512 | I86: 128 Kbps | L86: 196.168.114.9 /29 | M86: 1/19/2017 | O86: 0.05955 | Q86: =(O86*24*3600*30/8)/100000 -> 0.192942 | R86: =(P86*24*3600*30/8)/100000 -> 0 | S86: 0 | T86: =(V86-S86)/V86*100% -> 1 | U86: 0.99 | V86: 720 | W86: =IF(T86<99%,((S86-V86)/720)*Y86,0) -> 0 | X86: 0.00 | Y86: 1300000 | AE86: =SUM(Y86:AD86) -> 1300000 | AF86: =IFERROR(AE86+W86,0) -> 1300000 | AJ86: 4700020-0028304368 | AK86: 128 Kbps | AM86: =VLOOKUP(AJ86,'[1]Master Jaringan Des 2025(792)'!$D$2:$E$795,2,0) -> #REF! | AN86: =AM86=AK86 -> #REF! | AO86: 1300000 | AP86: =AO86=Y86 -> TRUE | AR86: =IFERROR(VLOOKUP(AX85,'[2]Availability Des25'!$C$5:$G$18,5,0),0) -> 0 | AS86: =IFERROR(VLOOKUP(AX85,'[2]Availability Des25'!$C$5:$H$18,6,0),0) -> 0 | AT86: =IFERROR(VLOOKUP(AX85,'[2]Availability Des25'!$C$5:$I$18,7,0),0) -> 0
A87: =A86+1 -> 82 | B87: BANYUWANGI | C87: {=_xlfn.XLOOKUP(G87,DATABASE!$A$2:$A$806,DATABASE!$B$2:$B$806)} -> Payment Point Pratama Bwi JL.Adi Sucipto 27A Tukang Kayu Bwi | D87: {=_xlfn.XLOOKUP(G87,DATABASE!$A$2:$A$808,DATABASE!$C$2:$C$808)} -> PAYMENT POINT | E87: TELKOM VPN IP | F87: EKSISTING | G87: 4700020-0030977501 | H87: 202512 | I87: 512 Kbps | L87: 196.168.114.241 /29 | M87: 7/18/2017 | O87: 1.99784 | Q87: =(O87*24*3600*30/8)/100000 -> 6.4730016 | R87: =(P87*24*3600*30/8)/100000 -> 0 | S87: 0 | T87: =(V87-S87)/V87*100% -> 1 | U87: 0.99 | V87: 720 | W87: =IF(T87<99%,((S87-V87)/720)*Y87,0) -> 0 | X87: 0.00 | Y87: 2319819 | AE87: =SUM(Y87:AD87) -> 2319819 | AF87: =IFERROR(AE87+W87,0) -> 2319819 | AJ87: 4700020-0030977501 | AK87: 512 Kbps | AM87: =VLOOKUP(AJ87,'[1]Master Jaringan Des 2025(792)'!$D$2:$E$795,2,0) -> #REF! | AN87: =AM87=AK87 -> #REF! | AO87: 2319819 | AP87: =AO87=Y87 -> TRUE | AR87: =IFERROR(VLOOKUP(AX86,'[2]Availability Des25'!$C$5:$G$18,5,0),0) -> 0 | AS87: =IFERROR(VLOOKUP(AX86,'[2]Availability Des25'!$C$5:$H$18,6,0),0) -> 0 | AT87: =IFERROR(VLOOKUP(AX86,'[2]Availability Des25'!$C$5:$I$18,7,0),0) -> 0
A88: =A87+1 -> 83 | B88: BANYUWANGI | C88: {=_xlfn.XLOOKUP(G88,DATABASE!$A$2:$A$806,DATABASE!$B$2:$B$806)} -> Capem Rogojampi JL.Raya Senti 187 Rogojampi | D88: {=_xlfn.XLOOKUP(G88,DATABASE!$A$2:$A$808,DATABASE!$C$2:$C$808)} -> CAPEM | E88: TELKOM VPN IP | F88: EKSISTING | G88: 4700020-0031141642 | H88: 202512 | I88: 1 Mbps | L88: 192.168.153.254 /30 | M88: 11/16/2017 | O88: 23.7 | Q88: =(O88*24*3600*30/8)/100000 -> 76.788 | R88: =(P88*24*3600*30/8)/100000 -> 0 | S88: 0 | T88: =(V88-S88)/V88*100% -> 1 | U88: 0.99 | V88: 720 | W88: =IF(T88<99%,((S88-V88)/720)*Y88,0) -> 0 | X88: 0.00 | Y88: 2792792 | AE88: =SUM(Y88:AD88) -> 2792792 | AF88: =IFERROR(AE88+W88,0) -> 2792792 | AJ88: 4700020-0031141642 | AK88: 1 Mbps | AM88: =VLOOKUP(AJ88,'[1]Master Jaringan Des 2025(792)'!$D$2:$E$795,2,0) -> #REF! | AN88: =AM88=AK88 -> #REF! | AO88: 2792792 | AP88: =AO88=Y88 -> TRUE | AR88: =IFERROR(VLOOKUP(AX87,'[2]Availability Des25'!$C$5:$G$18,5,0),0) -> 0 | AS88: =IFERROR(VLOOKUP(AX87,'[2]Availability Des25'!$C$5:$H$18,6,0),0) -> 0 | AT88: =IFERROR(VLOOKUP(AX87,'[2]Availability Des25'!$C$5:$I$18,7,0),0) -> 0
A89: =A88+1 -> 84 | B89: BANYUWANGI | C89: {=_xlfn.XLOOKUP(G89,DATABASE!$A$2:$A$806,DATABASE!$B$2:$B$806)} -> Samsat Online Genteng Banyuwangi Jl. Diponegoro 33 Banyuwangi | D89: {=_xlfn.XLOOKUP(G89,DATABASE!$A$2:$A$808,DATABASE!$C$2:$C$808)} -> SAMSAT ONLINE | E89: TELKOM VPN IP | F89: EKSISTING | G89: 4700020-0025323102 | H89: 202512 | I89: 256 Kbps | L89: 172.20.76.33 /248 | M89: 4/29/2017 | O89: 6.25825 | Q89: =(O89*24*3600*30/8)/100000 -> 20.27673 | R89: =(P89*24*3600*30/8)/100000 -> 0 | S89: 0 | T89: =(V89-S89)/V89*100% -> 1 | U89: 0.99 | V89: 720 | W89: =IF(T89<99%,((S89-V89)/720)*Y89,0) -> 0 | X89: 0.00 | Y89: 1950000 | AE89: =SUM(Y89:AD89) -> 1950000 | AF89: =IFERROR(AE89+W89,0) -> 1950000 | AJ89: 4700020-0025323102 | AK89: 256 Kbps | AM89: =VLOOKUP(AJ89,'[1]Master Jaringan Des 2025(792)'!$D$2:$E$795,2,0) -> #REF! | AN89: =AM89=AK89 -> #REF! | AO89: 1950000 | AP89: =AO89=Y89 -> TRUE | AR89: =IFERROR(VLOOKUP(AX88,'[2]Availability Des25'!$C$5:$G$18,5,0),0) -> 0 | AS89: =IFERROR(VLOOKUP(AX88,'[2]Availability Des25'!$C$5:$H$18,6,0),0) -> 0 | AT89: =IFERROR(VLOOKUP(AX88,'[2]Availability Des25'!$C$5:$I$18,7,0),0) -> 0
A90: =A89+1 -> 85 | B90: BANYUWANGI | C90: {=_xlfn.XLOOKUP(G90,DATABASE!$A$2:$A$806,DATABASE!$B$2:$B$806)} -> Kantor Kas Srono Jl.Raya Srono Banyuwangi | D90: {=_xlfn.XLOOKUP(G90,DATABASE!$A$2:$A$808,DATABASE!$C$2:$C$808)} -> KANTOR KAS | E90: TELKOM VPN IP | F90: EKSISTING | G90: 4700020-0031843590 | H90: 202512 | I90: 512 Kbps | L90: 196.168.252.41 /29 | M90: 43382 | O90: 39.86 | Q90: =(O90*24*3600*30/8)/100000 -> 129.1464 | R90: =(P90*24*3600*30/8)/100000 -> 0 | S90: 0 | T90: =(V90-S90)/V90*100% -> 1 | U90: 0.99 | V90: 720 | W90: =IF(T90<99%,((S90-V90)/720)*Y90,0) -> 0 | X90: 0.00 | Y90: 2319819 | AE90: =SUM(Y90:AD90) -> 2319819 | AF90: =IFERROR(AE90+W90,0) -> 2319819 | AJ90: 4700020-0031843590 | AK90: 512 Kbps | AM90: =VLOOKUP(AJ90,'[1]Master Jaringan Des 2025(792)'!$D$2:$E$795,2,0) -> #REF! | AN90: =AM90=AK90 -> #REF! | AO90: 2319819 | AP90: =AO90=Y90 -> TRUE | AR90: =IFERROR(VLOOKUP(AX89,'[2]Availability Des25'!$C$5:$G$18,5,0),0) -> 0 | AS90: =IFERROR(VLOOKUP(AX89,'[2]Availability Des25'!$C$5:$H$18,6,0),0) -> 0 | AT90: =IFERROR(VLOOKUP(AX89,'[2]Availability Des25'!$C$5:$I$18,7,0),0) -> 0
A91: =A90+1 -> 86 | B91: BANYUWANGI | C91: {=_xlfn.XLOOKUP(G91,DATABASE!$A$2:$A$806,DATABASE!$B$2:$B$806)} -> Payment Point Sistem Administrasi Manunggal Satu Atap Benculuk Jl.Jend Basuki Rahmat,Benculuk,BWI | D91: {=_xlfn.XLOOKUP(G91,DATABASE!$A$2:$A$808,DATABASE!$C$2:$C$808)} -> PAYMENT POINT | E91: TELKOM VPN IP | F91: EKSISTING | G91: 4700020-0032240130 | H91: 202512 | I91: 512 Kbps | L91: 196.168.118.41 /29 | M91: 43563 | O91: 1.79813 | Q91: =(O91*24*3600*30/8)/100000 -> 5.8259412 | R91: =(P91*24*3600*30/8)/100000 -> 0 | S91: 0 | T91: =(V91-S91)/V91*100% -> 1 | U91: 0.99 | V91: 720 | W91: =IF(T91<99%,((S91-V91)/720)*Y91,0) -> 0 | X91: 0.00 | Y91: 2319819 | AE91: =SUM(Y91:AD91) -> 2319819 | AF91: =IFERROR(AE91+W91,0) -> 2319819 | AJ91: 4700020-0032240130 | AK91: 512 Kbps | AM91: =VLOOKUP(AJ91,'[1]Master Jaringan Des 2025(792)'!$D$2:$E$795,2,0) -> #REF! | AN91: =AM91=AK91 -> #REF! | AO91: 2319819 | AP91: =AO91=Y91 -> TRUE | AR91: =IFERROR(VLOOKUP(AX90,'[2]Availability Des25'!$C$5:$G$18,5,0),0) -> 0 | AS91: =IFERROR(VLOOKUP(AX90,'[2]Availability Des25'!$C$5:$H$18,6,0),0) -> 0 | AT91: =IFERROR(VLOOKUP(AX90,'[2]Availability Des25'!$C$5:$I$18,7,0),0) -> 0
A92: =A91+1 -> 87 | B92: BANYUWANGI | C92: {=_xlfn.XLOOKUP(G92,DATABASE!$A$2:$A$806,DATABASE!$B$2:$B$806)} -> ATM Hotel Luminor Jl.Yos Sudaro 66, Klatak,Bwi | D92: {=_xlfn.XLOOKUP(G92,DATABASE!$A$2:$A$808,DATABASE!$C$2:$C$808)} -> ATM | E92: TELKOM VPN IP | F92: EKSISTING | G92: 4700020-0032510912 | H92: 202512 | I92: 128 Kbps | L92: 196.168.119.33 /29 | M92: 10/15/2019 | O92: 6.82 | Q92: =(O92*24*3600*30/8)/100000 -> 22.0968 | R92: =(P92*24*3600*30/8)/100000 -> 0 | S92: 0 | T92: =(V92-S92)/V92*100% -> 1 | U92: 0.99 | V92: 720 | W92: =IF(T92<99%,((S92-V92)/720)*Y92,0) -> 0 | X92: 0.00 | Y92: 1300000 | AE92: =SUM(Y92:AD92) -> 1300000 | AF92: =IFERROR(AE92+W92,0) -> 1300000 | AJ92: 4700020-0032510912 | AK92: 128 Kbps | AM92: =VLOOKUP(AJ92,'[1]Master Jaringan Des 2025(792)'!$D$2:$E$795,2,0) -> #REF! | AN92: =AM92=AK92 -> #REF! | AO92: 1300000 | AP92: =AO92=Y92 -> TRUE | AR92: =IFERROR(VLOOKUP(AX91,'[2]Availability Des25'!$C$5:$G$18,5,0),0) -> 0 | AS92: =IFERROR(VLOOKUP(AX91,'[2]Availability Des25'!$C$5:$H$18,6,0),0) -> 0 | AT92: =IFERROR(VLOOKUP(AX91,'[2]Availability Des25'!$C$5:$I$18,7,0),0) -> 0
A93: =A92+1 -> 88 | B93: BANYUWANGI | C93: {=_xlfn.XLOOKUP(G93,DATABASE!$A$2:$A$806,DATABASE!$B$2:$B$806)} -> Capem Genteng | D93: {=_xlfn.XLOOKUP(G93,DATABASE!$A$2:$A$808,DATABASE!$C$2:$C$808)} -> CAPEM | E93: TELKOM VPN IP | F93: EKSISTING | G93: 4700020-65126 | H93: 202512 | I93: 1 Mbps | L93: 192.168.153.150 /30 | M93: 42186 | O93: 24.25 | Q93: =(O93*24*3600*30/8)/100000 -> 78.57 | R93: =(P93*24*3600*30/8)/100000 -> 0 | S93: 0 | T93: =(V93-S93)/V93*100% -> 1 | U93: 0.99 | V93: 720 | W93: =IF(T93<99%,((S93-V93)/720)*Y93,0) -> 0 | X93: 0.00 | Y93: 2792792 | AE93: =SUM(Y93:AD93) -> 2792792 | AF93: =IFERROR(AE93+W93,0) -> 2792792 | AJ93: 4700020-65126 | AK93: 1 Mbps | AM93: =VLOOKUP(AJ93,'[1]Master Jaringan Des 2025(792)'!$D$2:$E$795,2,0) -> #REF! | AN93: =AM93=AK93 -> #REF! | AO93: 2792792 | AP93: =AO93=Y93 -> TRUE | AR93: =IFERROR(VLOOKUP(AX92,'[2]Availability Des25'!$C$5:$G$18,5,0),0) -> 0 | AS93: =IFERROR(VLOOKUP(AX92,'[2]Availability Des25'!$C$5:$H$18,6,0),0) -> 0 | AT93: =IFERROR(VLOOKUP(AX92,'[2]Availability Des25'!$C$5:$I$18,7,0),0) -> 0
A94: =A93+1 -> 89 | B94: BANYUWANGI | C94: {=_xlfn.XLOOKUP(G94,DATABASE!$A$2:$A$806,DATABASE!$B$2:$B$806)} -> Kantor Fungsional RSUD Blambangan, JL Letkol Istiqlal 49, Banyuwangi | D94: {=_xlfn.XLOOKUP(G94,DATABASE!$A$2:$A$808,DATABASE!$C$2:$C$808)} -> KANTOR FUNGSIONAL | E94: TELKOM VPN IP | F94: EKSISTING | G94: 1256741401 | H94: 202512 | I94: 512 Kbps | L94: 196.168.121.25 /29 | M94: 1/25/2021 | O94: 43.38 | Q94: =(O94*24*3600*30/8)/100000 -> 140.5512 | R94: =(P94*24*3600*30/8)/100000 -> 0 | S94: 0 | T94: =(V94-S94)/V94*100% -> 1 | U94: 0.99 | V94: 720 | W94: =IF(T94<99%,((S94-V94)/720)*Y94,0) -> 0 | X94: 0.00 | Y94: 2319819 | AE94: =SUM(Y94:AD94) -> 2319819 | AF94: =IFERROR(AE94+W94,0) -> 2319819 | AJ94: 1256741401 | AK94: 512 Kbps | AM94: 512 Kbps | AN94: =AM94=AK94 -> TRUE | AO94: 2319819 | AP94: =AO94=Y94 -> TRUE | AR94: =IFERROR(VLOOKUP(AX93,'[2]Availability Des25'!$C$5:$G$18,5,0),0) -> 0 | AS94: =IFERROR(VLOOKUP(AX93,'[2]Availability Des25'!$C$5:$H$18,6,0),0) -> 0 | AT94: =IFERROR(VLOOKUP(AX93,'[2]Availability Des25'!$C$5:$I$18,7,0),0) -> 0
A95: =A94+1 -> 90 | B95: BANYUWANGI | C95: {=_xlfn.XLOOKUP(G95,DATABASE!$A$2:$A$806,DATABASE!$B$2:$B$806)} -> Kantor Kas Pasar Jl. Diponegoro 2, Banyuwangi | D95: {=_xlfn.XLOOKUP(G95,DATABASE!$A$2:$A$808,DATABASE!$C$2:$C$808)} -> KANTOR KAS | E95: TELKOM VPN IP | F95: EKSISTING | G95: 1257103842 | H95: 202512 | I95: 512 Kbps | L95: 196.168.121.33 /29 | M95: 1/25/2021 | O95: 7.73 | Q95: =(O95*24*3600*30/8)/100000 -> 25.0452 | R95: =(P95*24*3600*30/8)/100000 -> 0 | S95: 0 | T95: =(V95-S95)/V95*100% -> 1 | U95: 0.99 | V95: 720 | W95: =IF(T95<99%,((S95-V95)/720)*Y95,0) -> 0 | X95: 0.00 | Y95: 2319819 | AE95: =SUM(Y95:AD95) -> 2319819 | AF95: =IFERROR(AE95+W95,0) -> 2319819 | AJ95: 1257103842 | AK95: 512 Kbps | AM95: 512 Kbps | AN95: =AM95=AK95 -> TRUE | AO95: 2319819 | AP95: =AO95=Y95 -> TRUE | AR95: =IFERROR(VLOOKUP(AX94,'[2]Availability Des25'!$C$5:$G$18,5,0),0) -> 0 | AS95: =IFERROR(VLOOKUP(AX94,'[2]Availability Des25'!$C$5:$H$18,6,0),0) -> 0 | AT95: =IFERROR(VLOOKUP(AX94,'[2]Availability Des25'!$C$5:$I$18,7,0),0) -> 0
A96: =A95+1 -> 91 | B96: BANYUWANGI | C96: {=_xlfn.XLOOKUP(G96,DATABASE!$A$2:$A$806,DATABASE!$B$2:$B$806)} -> Kantor Kas Kalibaru Dsn Tegal Pakis,Kalibaruwetan, Kec.Kalibaru, Kab.Banyuwangi, Jatim 68468 | D96: {=_xlfn.XLOOKUP(G96,DATABASE!$A$2:$A$808,DATABASE!$C$2:$C$808)} -> KANTOR KAS | E96: TELKOM VPN IP | F96: EKSISTING | G96: 1262497978 | H96: 202512 | I96: 512 Kbps | L96: 196.168.121.89 /29 | M96: 44754 | O96: 8.27 | Q96: =(O96*24*3600*30/8)/100000 -> 26.7948 | R96: =(P96*24*3600*30/8)/100000 -> 0 | S96: 0 | T96: =(V96-S96)/V96*100% -> 1 | U96: 0.99 | V96: 720 | W96: =IF(T96<99%,((S96-V96)/720)*Y96,0) -> 0 | X96: 0.00 | Y96: 2319819 | AE96: =SUM(Y96:AD96) -> 2319819 | AF96: =IFERROR(AE96+W96,0) -> 2319819 | AJ96: 1262497978 | AK96: 512 Kbps | AM96: 512 Kbps | AN96: =AM96=AK96 -> TRUE | AO96: 2319819 | AP96: =AO96=Y96 -> TRUE | AR96: =IFERROR(VLOOKUP(AX95,'[2]Availability Des25'!$C$5:$G$18,5,0),0) -> 0 | AS96: =IFERROR(VLOOKUP(AX95,'[2]Availability Des25'!$C$5:$H$18,6,0),0) -> 0 | AT96: =IFERROR(VLOOKUP(AX95,'[2]Availability Des25'!$C$5:$I$18,7,0),0) -> 0
A97: =A96+1 -> 92 | B97: BANYUWANGI | C97: {=_xlfn.XLOOKUP(G97,DATABASE!$A$2:$A$806,DATABASE!$B$2:$B$806)} -> Kantor Fungsional Purwoharjo Banyuwangi,Raya Grajagan 05 Banyuwangi | D97: {=_xlfn.XLOOKUP(G97,DATABASE!$A$2:$A$808,DATABASE!$C$2:$C$808)} -> KANTOR FUNGSIONAL | E97: TELKOM VPN IP | F97: EKSISTING | G97: 1720691635 | H97: 202512 | I97: 512 Kbps | L97: 196.168.122.185 /29 | M97: 44874 | O97: 6.29 | Q97: =(O97*24*3600*30/8)/100000 -> 20.3796 | R97: =(P97*24*3600*30/8)/100000 -> 0 | S97: 0 | T97: =(V97-S97)/V97*100% -> 1 | U97: 0.99 | V97: 720 | W97: =IF(T97<99%,((S97-V97)/720)*Y97,0) -> 0 | X97: 0.00 | Y97: 2319819 | AE97: =SUM(Y97:AD97) -> 2319819 | AF97: =IFERROR(AE97+W97,0) -> 2319819 | AJ97: 1720691635 | AK97: 512 Kbps | AM97: 512 Kbps | AN97: =AM97=AK97 -> TRUE | AO97: 2319819 | AP97: =AO97=Y97 -> TRUE | AR97: =IFERROR(VLOOKUP(AX96,'[2]Availability Des25'!$C$5:$G$18,5,0),0) -> 0 | AS97: =IFERROR(VLOOKUP(AX96,'[2]Availability Des25'!$C$5:$H$18,6,0),0) -> 0 | AT97: =IFERROR(VLOOKUP(AX96,'[2]Availability Des25'!$C$5:$I$18,7,0),0) -> 0
A98: =A97+1 -> 93 | B98: BANYUWANGI | C98: {=_xlfn.XLOOKUP(G98,DATABASE!$A$2:$A$806,DATABASE!$B$2:$B$806)} -> CRM Bandara Blimbingsari Banyuwangi, Jl. Pantai Blimbingsari, Kec. Blimbingsari, Kab. Banyuwangi, Jawa Timur, 68642 | D98: {=_xlfn.XLOOKUP(G98,DATABASE!$A$2:$A$808,DATABASE!$C$2:$C$808)} -> CRM | E98: TELKOM VPN IP | F98: EKSISTING | G98: 1924413149 | H98: 202512 | I98: 128 Kbps | L98: 172.26.0.113 /29 | M98: 1/24/2024 | O98: 0.77857 | Q98: =(O98*24*3600*30/8)/100000 -> 2.5225668 | R98: =(P98*24*3600*30/8)/100000 -> 0 | S98: 0 | T98: =(V98-S98)/V98*100% -> 1 | U98: 0.99 | V98: 720 | W98: =IF(T98<99%,((S98-V98)/720)*Y98,0) -> 0 | X98: 0.00 | Y98: 1300000 | AE98: =SUM(Y98:AD98) -> 1300000 | AF98: =IFERROR(AE98+W98,0) -> 1300000 | AJ98: 1924413149 | AK98: 128 Kbps | AM98: 128 Kbps | AN98: =AM98=AK98 -> TRUE | AO98: 1300000 | AP98: =AO98=Y98 -> TRUE | AR98: =IFERROR(VLOOKUP(AX97,'[2]Availability Des25'!$C$5:$G$18,5,0),0) -> 0 | AS98: =IFERROR(VLOOKUP(AX97,'[2]Availability Des25'!$C$5:$H$18,6,0),0) -> 0 | AT98: =IFERROR(VLOOKUP(AX97,'[2]Availability Des25'!$C$5:$I$18,7,0),0) -> 0
A99: =A98+1 -> 94 | B99: BANYUWANGI | C99: {=_xlfn.XLOOKUP(G99,DATABASE!$A$2:$A$806,DATABASE!$B$2:$B$806)} -> Kantor Fungsional Songgon Banyuwangi,JL ahmad Yani, DS Songgon RT 01 RW 02 Banyuwangi | D99: {=_xlfn.XLOOKUP(G99,DATABASE!$A$2:$A$808,DATABASE!$C$2:$C$808)} -> KANTOR FUNGSIONAL | E99: TELKOM VPN IP | F99: EKSISTING | G99: 2074868289 | H99: 202512 | I99: 512 Kbps | L99: 172.26.0.241 /29 | M99: 11/18/2024 | O99: 8.78 | Q99: =(O99*24*3600*30/8)/100000 -> 28.4472 | R99: =(P99*24*3600*30/8)/100000 -> 0 | S99: 0 | T99: =(V99-S99)/V99*100% -> 1 | U99: 0.99 | V99: 720 | W99: =IF(T99<99%,((S99-V99)/720)*Y99,0) -> 0 | X99: 0.00 | Y99: 2319819 | AE99: =SUM(Y99:AD99) -> 2319819 | AF99: =IFERROR(AE99+W99,0) -> 2319819 | AJ99: 2074868289 | AK99: 512 Kbps | AM99: 512 Kbps | AN99: =AM99=AK99 -> TRUE | AO99: 2319819 | AP99: =AO99=Y99 -> TRUE | AR99: =IFERROR(VLOOKUP(AX98,'[2]Availability Des25'!$C$5:$G$18,5,0),0) -> 0 | AS99: =IFERROR(VLOOKUP(AX98,'[2]Availability Des25'!$C$5:$H$18,6,0),0) -> 0 | AT99: =IFERROR(VLOOKUP(AX98,'[2]Availability Des25'!$C$5:$I$18,7,0),0) -> 0
A100: =A99+1 -> 95 | B100: JEMBER | C100: {=_xlfn.XLOOKUP(G100,DATABASE!$A$2:$A$806,DATABASE!$B$2:$B$806)} -> Cabang Jember | D100: {=_xlfn.XLOOKUP(G100,DATABASE!$A$2:$A$808,DATABASE!$C$2:$C$808)} -> CABANG | E100: TELKOM VPN IP | F100: EKSISTING | G100: 4700020-65139 | H100: 202512 | I100: 2 Mbps | L100: 192.168.152.62 /30 | M100: 6/16/2016 | O100: 139.74 | Q100: =(O100*24*3600*30/8)/100000 -> 452.7576 | R100: =(P100*24*3600*30/8)/100000 -> 0 | S100: 0 | T100: =(V100-S100)/V100*100% -> 1 | U100: 0.99 | V100: 720 | W100: =IF(T100<99%,((S100-V100)/720)*Y100,0) -> 0 | X100: 0.00 | Y100: 3671171 | AE100: =SUM(Y100:AD100) -> 3671171 | AF100: =IFERROR(AE100+W100,0) -> 3671171 | AG100: 71105389 | AJ100: 4700020-65139 | AK100: 2 Mbps | AM100: =VLOOKUP(AJ100,'[1]Master Jaringan Des 2025(792)'!$D$2:$E$795,2,0) -> #REF! | AN100: =AM100=AK100 -> #REF! | AO100: 3671171 | AP100: =AO100=Y100 -> TRUE | AR100: =IFERROR(VLOOKUP(AX99,'[2]Availability Des25'!$C$5:$G$18,5,0),0) -> 0 | AS100: =IFERROR(VLOOKUP(AX99,'[2]Availability Des25'!$C$5:$H$18,6,0),0) -> 0 | AT100: =IFERROR(VLOOKUP(AX99,'[2]Availability Des25'!$C$5:$I$18,7,0),0) -> 0
...

Sheet INVOICE JAN 2026
F2: RINCIAN BIAYA PENGGUNAAN TELKOM Solution
F3: TELKOM Solution DETAIL USAGE
F5: PT BANK PEMBANGUNAN DAERAH JAWA TIMUR TBK
G7: Nomor Tagihan. Invoice Number | I7: : 4807060000203-202601
G8: NPWP. NPWP | I8: : 01.110.116.9-054.000
G9: CIDNAS. Customer ID | I9: : 01-0501-505-02913365
G10: Nomor Account. Account Number | I10: : 4807060
G11: Bulan Tagihan. Billing Month | I11: : Januari 2026
G12: Tanggal Akhir Pembayaran.Due Date | I12: : 20 Januari 2026
C13: • TELKOM - MONTHLY RECURRING CHARGES
B15: NO. | C15: JENIS KANTOR | D15: ALAMAT | E15: KATEGORI LOKASI | F15: LAYANAN | G15: ID | H15: BANDWIDTH | I15: PEMAKAIAN AVERAGE (Kbps) | J15: TRAFIK TOTAL (Kbps) | K15: Availability | L15: Nilai Restitusi | M15: HARGA (Rp) | Q15: TOTAL | R15: HARGA SETELAH RESTITUSI
H16: Eksisting | I16: Eksisting | J16: Eksisting | L16: Restitusi Over SLA | M16: Eksisting Harga | N16: Cabut (Harga Prorata) | O16: Pasang Baru | P16: Relokasi
B17: 1 | C17: KANTOR PUSAT | D17: Bank Jatim Internet Kantor Pusat; Jl.Basuki Rahmat No. 98-104, Surabaya ( Astinet ) | E17: INTERNET KANTOR PUSAT | F17: TELKOM ASTINET | G17: 4700020-38090 | H17: 100 Mbps | I17: 12390.4 | J17: 40144.896 | K17: 1 | L17: 0 | M17: 20412151 | Q17: =SUM(M17:P17) -> 20412151 | R17: 20412151
B18: 2 | C18: KANTOR PUSAT | D18: Bank Jatim Backhaul VPN IP Kantor Pusat; Jl. Basuki Rahmat No 98-104 Surabaya | E18: WAN KANTOR PUSAT | F18: TELKOM VPN IP | G18: 4700020-10498 | H18: 100 Mbps | I18: 48363.52 | J18: 156697.8 | K18: 1 | L18: 0 | M18: 20776000 | Q18: =SUM(M18:P18) -> 20776000 | R18: 20776000
B19: 3 | C19: KANTOR PUSAT | D19: Bank Jatim Neucentrix Gubeng, Jl.Sumatera No.131 Lt 3 Kec Gubeng , Surabaya | E19: COLOCATION | F19: TELKOM NEUCENTRIX | G19: 2095151855/2095149600 | H19: 0 | I19: 234.11 | J19: 758.5164 | K19: 1 | L19: 0 | M19: 1377297 | Q19: =SUM(M19:P19) -> 1377297 | R19: 1377297
B20: 4 | C20: KANTOR PUSAT | D20: Bank Jatim u/ PT ACS, JL. Soekarno Hatta 269,Bandung (SMS Banking Primary) | E20: H2H | F20: TELKOM VPN IP | G20: 4700020-0004645351 | H20: 1 Mbps | I20: 23.02 | J20: 74.5848 | K20: 1 | L20: 0 | M20: 0 | N20: 1391891 | Q20: =SUM(M20:P20) -> 1391891 | R20: 1391891
B21: 5 | C21: KANTOR PUSAT | D21: Bank Jatim u/ Host To Host Finnet ; Jl Kapt.Subijanto Graha Telkom Sigma Lt. 3 BSD Lekong - Serpong | E21: H2H | F21: TELKOM VPN IP | G21: 4700020-92381 | H21: 512 Kbps | I21: 1.72108 | J21: 5.5762992 | K21: 1 | L21: 0 | M21: 2319819 | Q21: =SUM(M21:P21) -> 2319819 | R21: 2319819
B22: 6 | C22: KANTOR PUSAT | D22: Bank Jatim u/ Host To Host MPN G2 KEMENKEU; Graha Telkom Sigma Lt 3 BSD Tangerang | E22: H2H | F22: TELKOM VPN IP | G22: 4700020-0020988266 | H22: 512 Kbps | I22: 15.3 | J22: 49.572 | K22: 1 | L22: 0 | M22: 2319819 | Q22: =SUM(M22:P22) -> 2319819 | R22: 2319819
B23: 7 | C23: KANTOR PUSAT | D23: Bank Jatim u/ Bandwith Pelaporan Aplikasi BI-RTGS/SSSS/ETP, Bank Indonesia - RTGS; Telkom Sigma Lakarsantri IVC Surabaya | E23: Aplikasi BI-RTGS/SSSS/ETP BI | F23: TELKOM MANAGED NETWORK | G23: 1-IPP6AAY/1703056946 | H23: 2 Mbps | I23: 86.18 | J23: 279.2232 | K23: 1 | L23: 0 | M23: 5782000 | Q23: =SUM(M23:P23) -> 5782000 | R23: 5782000
B24: 8 | C24: KANTOR PUSAT | D24: Bank Jatim u/ Host To Host Artajasa Sigma; Jl. Bukit Bali B3 Lakarsantri Surabaya Lt.3 | E24: SPP ONLINE | F24: TELKOM VPN IP | G24: 4700020-0029217410 | H24: 512 Kbps | I24: 0.07125 | J24: 0.23085 | K24: 1 | L24: 0 | M24: 2319819 | Q24: =SUM(M24:P24) -> 2319819 | R24: 2319819
B25: 9 | C25: KANTOR PUSAT | D25: Bank Jatim u/ Host To Host KTP-el Ditjen Dukcapil; DC Sigma Tangerang Lt.3 Wing timur, BSD Tangerang | E25: H2H | F25: TELKOM VPN IP | G25: 4700020-0029298844 | H25: 2 Mbps | I25: 12.9 | J25: 41.796 | K25: 1 | L25: 0 | M25: 3671171 | Q25: =SUM(M25:P25) -> 3671171 | R25: 3671171
B26: 10 | C26: KANTOR PUSAT | D26: Bank Jatim u/ Host To Host Call Center Infomedia; Jl. A. Yani 88, Lt.4, Surabaya | E26: CALL CENTER INFOMEDIA | F26: TELKOM VPN IP | G26: 4700020-0030913016 | H26: 10 Mbps | I26: 6.44 | J26: 20.8656 | K26: 1 | L26: 0 | M26: 9800000 | Q26: =SUM(M26:P26) -> 9800000 | R26: 9800000
